{"version":1,"hash":{"type":"Buffer","data":"3ilJnGOcw/OI/tctyJCVCx0Z374Fsw7Wzb4QuneBCZxbpytEEQKmitgZci7dkHnjyXGWAqr0gQBzK0ejo08ZpPUtgNZi3WG+k0GVTh7BpwIQWse+UokNe+iiLpN/Nb5I4lhJAIpIT3s4d+4Wq8J4adsfy/n4kArivA41t99UFRA="},"indexValueMap":{"HTc1X/AIu61Ouz832fhwS1x8zTnwUn4wyNq314fO6U8=":{"valueMac":{"type":"Buffer","data":"KMgEa5GW/Ivm7YhnoH7C5tG4aPqeZMrrPdPGY/zKqMY="}},"B1wjt4I+z4ukWk5KUARXnTaR3SrT6cHCyw8tQ+J8ESk=":{"valueMac":{"type":"Buffer","data":"9tUks6YJTlGfWbDEh28+MHC5xMR9HFCqL5nltZK/IU4="}},"aH/Zwbjtz+XNvZjMYoQ9LNb8isGWo600FpuTaS52tXU=":{"valueMac":{"type":"Buffer","data":"sFhmppDUu57kPS/ZqnY6yOEq79tSYG/WPJ0QCepO1h0="}},"TEySdKwFc9iTFT7IZRdUvrfl0eiC1fWLz8/AG0a3ibQ=":{"valueMac":{"type":"Buffer","data":"Y9qyU7CkMudWWo8qvILG7aH0XsR2VJ0q5j2y2guxWb8="}},"CWIDztnfhwZ40ao+4giEx9YvWWRCaeMY+GQJW/I/di0=":{"valueMac":{"type":"Buffer","data":"jItZ+SbGHOYmBAM+qJMyx770VHXHJ+JmqNQYAKloxfc="}},"X7AGqgZusQhaGD95RacLM81rxDAxY52bVxHiSZOBcK4=":{"valueMac":{"type":"Buffer","data":"G5dRTogtLmcbNaJbeNmqKBrAlh/XX/MeUTwIBcbrafE="}},"X6BZVrfWcrOTxTvPcA6McrFFFqYcwgQkJfpRANiXI0w=":{"valueMac":{"type":"Buffer","data":"T1QVP00FDSx2wqzHT7hD4tLKW2xdxGWB+DnmbHNduP0="}},"JNDq3pIdi5C2NnGI9M+7QWP2PK4meOs+Q0UCg2vgztE=":{"valueMac":{"type":"Buffer","data":"mYTl7020DRw2U6F+PfsA8r5CineqA3+hdWhlG0dNqA8="}},"X5P+GtRTz3l+xhjwrhCLbUFmaOneRgj2M4i4GAkZEt8=":{"valueMac":{"type":"Buffer","data":"Zy2bw2mInBpeDOEIF+sZl0tDgbiNni1sOTS8BUooxzU="}},"0LCoca68ACNaN3ULzEXf+55rXgrLHuQrqwMv5iLP3a4=":{"valueMac":{"type":"Buffer","data":"ssQ7Sk/1pRDVbDi6ZfT8TWyg8JEXagiqvx+NUb946oA="}},"Uhu9U/1LLWXNExj/onvr70BjpEkIMCO/wBOR2THZj4E=":{"valueMac":{"type":"Buffer","data":"JGfPy0oVdH79mP+yB1As1ZmvE2zHo9Jxu5qxJr1aDa4="}},"Z3oSuVuBFxDeAH/FQPdIBBNJiM5Otwf4fTD/L8X/M7U=":{"valueMac":{"type":"Buffer","data":"X7qIyB+zG8YojWoQTZgNhjDqz7h99sHwrblpKkBoUUg="}},"fDYCSfBzwHejq4U+94msxxx4VvTUczXd/ufahKi4syA=":{"valueMac":{"type":"Buffer","data":"V0wf9QfkDu9Zwg8nQ4IiSSEK8Yo1izOe82RKFVF81tE="}},"4VAkpeg0qt8vuYhCouQ079vdXJmuPy4IPpUbR/XhlGo=":{"valueMac":{"type":"Buffer","data":"plUVK6WI9pApfnauhIXAwhDtzRCLoYc3kwD/PLpiNUI="}},"WUUo/hP2M050TXd2/GQumefAaGJtHxs4bhyCxHzMfhE=":{"valueMac":{"type":"Buffer","data":"pcp15aOhHKyrmVfqnAhLbynoOFyw2ZUUJqBD8hWC9lA="}},"fnIE18CJ6U1ZmlSPAx9ISmBfDaNkJKXyLrbxbzsEZDM=":{"valueMac":{"type":"Buffer","data":"E/yTbk/fbneE+ysvmzs9EPO6ydZNMrmA2Zi4SiE+ICs="}},"baw+fImHwdkH/Cdn09hBq/yUrlBduh8tRhJkiMr6RhM=":{"valueMac":{"type":"Buffer","data":"ciW+ijshYVW9wP/90SqLeWUBnzJRnpjtcWwcHcd8ALQ="}},"MXy6omVi2x4ZgZhrpH58Kjg2zCSXJti76XOGbhKnJEw=":{"valueMac":{"type":"Buffer","data":"wq2XTJ8zCxfRtoyUdTkkqBrH+w7Eh+dJSYYdIVNRKsA="}},"QWSy6yyGEmOOhNXw+SGd33J9eq7aRsxPkoKlSiEUYaA=":{"valueMac":{"type":"Buffer","data":"1Xm0Umj6giRnIfh1HhC/B+hVrJdsaS5GaNz6Aa6T3Us="}},"NJOF3tRSFlMrUnIl+jjFiF9A3GII6BR2Eshci5KrtW4=":{"valueMac":{"type":"Buffer","data":"QfOXayG4vIuj3G++YDCdYK7cLeu+dStHcbqoR0Ar/XE="}},"eiZyKDBXGtzXfhgO3J9YWixQpdsZkKHn5QjO0Rk0wss=":{"valueMac":{"type":"Buffer","data":"v/8NHZnSGR/oAYjFVkkJUw4E9XFoUaWqsj9vPrrgqsg="}},"hMjNqLwiby2cR1avywtEwAFEJ7mhKzvJwuBoqIIlVGg=":{"valueMac":{"type":"Buffer","data":"3DS/wYWYRstHY3zocEznPmtsAYMYJsAqvNaIymiHawI="}},"23vQs2G5eUVAjM/JX0u2L6nTTOkri3SruNiiuX8Tzv8=":{"valueMac":{"type":"Buffer","data":"6yyyO7GtF+XPmvMf/jS6hPkZeFOLPUWgjfw2PxXTzAE="}},"eFvC4XMveeKHJTszZiFNC/8cLN1NTuElt0NhfLTqKck=":{"valueMac":{"type":"Buffer","data":"tgRnSaI+/ryeiBPcAEgaPD8/QsNfSnr/XU84vnG4Tes="}},"UmDBM2+sFQqJo7xQMu1gnDOjE7kH2PQXPKzU7GQbzS0=":{"valueMac":{"type":"Buffer","data":"fbYErFcYZeObX8/7dSqQf+xwnugXrd1f400p1sIcIn0="}},"CrxseZJJnS02sOomN2Q4IZ6Pw6L4FsSZxYq86AhfmSU=":{"valueMac":{"type":"Buffer","data":"BZSxCb8vwYKrE+7FcKkOWkNDlhhCLcqRAlEcwkh2qHc="}},"No1R4/3qxvA9cAH39SILlxpxVRvWSwnBRrNFQzkA5BU=":{"valueMac":{"type":"Buffer","data":"0zBeZVCvuMnaBbTdEvwpxzlkGPNGqEd0V3r2FJl30Ck="}},"xUsJqomqJm7N5iPlvSd47s7Uq3q9iY2i3UQmWJQGeN0=":{"valueMac":{"type":"Buffer","data":"ynOySmuXP20LL8Iqv/w24vXK7u99kVZd+1eGwswmWJY="}},"2peOr4ZpjaBCyT9k3h8K4rncDXuYc/mGRimn30dwwAg=":{"valueMac":{"type":"Buffer","data":"BfmKo0Puj0qwvdizWC5YXchbq8sBeXQW+c3YD8JgHeQ="}},"mLB3BwS4hVMvw3vd4wsNKFQ+pgq5KGRx8OeBqJB4SIk=":{"valueMac":{"type":"Buffer","data":"Ly3CvbAq0WbRRau0joCwCLdVwiQZuBpZ/4vudtwRWOw="}},"PysnaiuxXxHtYmUNRM6kw8VrT4WCB5jL8zXGUCFbQro=":{"valueMac":{"type":"Buffer","data":"m/jrNU7qYHU32qBAhgl0YJ+yG6a6E8e1P1FFB0gfr00="}},"HkQpujdaJvd4JDzXo3zBGQBm3n9Xs0baCVbOnp2/GPI=":{"valueMac":{"type":"Buffer","data":"2CfxtYa+ziGvl4tHNl/AFgtjTYgyIteCnSb9pvUArZk="}},"H9tGo94bjOK3f+yshI3KRFsJyZuWocVxZueIh1RvDwI=":{"valueMac":{"type":"Buffer","data":"DVKChIasZvcLCbPEth2H653kRplQXrPGFgTbHBostlQ="}},"ODWHAEek0e58MCxA+yx45U98ZGLJ9bUBxFs9wpi6Ipw=":{"valueMac":{"type":"Buffer","data":"aPoBgdNulK8wedVmQxDo3H/TLhmpZYGXW35pmXP9KMY="}},"b3i86AIbD27TPeVzHmH9PlTHIoL4pMQ3pDFAsYEv1qk=":{"valueMac":{"type":"Buffer","data":"orEjfl2NgvMTf5g8xKgfzISJXw40WTzHJc+mcTR5VsE="}},"7zK/6/d3Z0wk5L3698Jywcz3V0JR+ZhtPcvIMc33Pxw=":{"valueMac":{"type":"Buffer","data":"S+yozD607boc7Fm7ahMzKQUsxOIEAHVddOeuyZvK1oY="}},"Z7feJymQNUW15t55hFchtPXBvzVAWq1gveE+k6vxAp0=":{"valueMac":{"type":"Buffer","data":"FgSpjpFRh8ZUTgaSTL4ngMs2R84U6uh/TiB/X8PVZnM="}},"Cfr8I+9ussZpukeBkiXC8W253yV8CkEnmEaTT0bDuQ0=":{"valueMac":{"type":"Buffer","data":"ZZPn9zJM1yUbwcU2SXXaDPCoBS/xmMUbN+f2sYZdvH4="}},"4StPFgDoVUw+Rk+75UnpZb+xZIHUlX2L4yrBo5OnYaA=":{"valueMac":{"type":"Buffer","data":"90JP9Je8tKrbWfQKveGdwkoz6pMVmPyBQThavhvHSvE="}},"Gq+B9Ex0/jPxODkpYsfx/sigQKZw2e511olRJ6bQz+A=":{"valueMac":{"type":"Buffer","data":"MBiUY/fuDb1F5XDiMgtXiqAnNFzXmuVjcb4PYL94nAQ="}},"yRatHWOye2VDziCLNMtGZz1owRfxY7Ww6NSBnTUVHf8=":{"valueMac":{"type":"Buffer","data":"zGmMJI5frcCuhnP2jgDfRpJALcMjANERxp0cJEBHWEM="}},"uYdH6O5dO4X9e2tOVbFfumBzQHKd9wbGQt+gQlwC6nw=":{"valueMac":{"type":"Buffer","data":"Zo5Z1JO/owWTrvTVBrV23KSgi9biYPvdZf82Z5h3D3I="}},"exFrsX0BkKTJ7+7O8ITNm6J4YEsyO46lUa5pRazj9DE=":{"valueMac":{"type":"Buffer","data":"GRCicFdXHIn2Jh/lSiG4Y6edMUcz/7r/bq/YY1IXolc="}},"I3ErRCJSJFL9wWDfafytWzkQqhUE4P76NuEUv9wUI+s=":{"valueMac":{"type":"Buffer","data":"oeSfKa75tV0quTnlQAnjk8hf/9efG7m714VUz7nZu0M="}},"xoXZqmakRKfsy3eewD69bJ1R3mDIT+v6VAgl+L8ipxQ=":{"valueMac":{"type":"Buffer","data":"nf38R1TxSqZjzveclY5fNXsnFgdBygeK6WP6vnid3Us="}},"NAY/gzYqHDpQ9e8FhCe73jrtnVTxfhATUSI9AAyry1M=":{"valueMac":{"type":"Buffer","data":"arQ1MLx0NFoFBs6/DAHK9vUkZbCEeXUHXwTLSQNGlag="}},"UfmwhTjNnS7B5DMc9KDeWlssRdOzbC4+GP1jTl/71oA=":{"valueMac":{"type":"Buffer","data":"WrqqM1tRr7QPShcqzztO4/75Zpqhmp1AMyIgY1zZnww="}},"4QyIgp+THUVIQKQdaxW5L/s1xFysomvA1eOBNL8xhWc=":{"valueMac":{"type":"Buffer","data":"qokXJUXLj7ftVBTV5YKSKSFm+PzZ0jVYFkKKL106O5w="}},"L/FwwTDCQqnD13xF0Qv2axlvIJyPjNGtE39L0ujH2MQ=":{"valueMac":{"type":"Buffer","data":"VfaKcVv9gMDsoUY3/h7/CtvMaAwNZoMd87sQvaX3YZQ="}},"vk51VRY6bnPR+sLFc3DKIneuJz/o+DjA47UqTQJLgJw=":{"valueMac":{"type":"Buffer","data":"Nhd/oxmlJRxLGzXWBowVeso1q/s3nVpHF7Ce4A+tUjU="}},"EnKgjheQtXWLa0RbJS48+BUHvUgtRW9/IvD55RI6NuI=":{"valueMac":{"type":"Buffer","data":"/Iag3JwyT0/9lqOiOa8hMUk0EzX0r8VYwyP+ybNzwso="}},"X21Xj9b4TcTd7dzvmkBED+kHb9pD7QZmfgCm3JLZEKY=":{"valueMac":{"type":"Buffer","data":"he8w9A9IWgGljx9GUNX7va6grPn4Ea+XG2xQnfd0xCQ="}},"iTM8aVwq8KerwkfSu4gGf0JQkgSZ1GIib0959KjK6hU=":{"valueMac":{"type":"Buffer","data":"ojQiKCaZeMfBi0d3++abvXK6yJlgeI/Lf48ZuPz7wCI="}},"qzHJIXsYfyhHtGNIS+oVHtw/8ErYpNTmE8uXJ7ZbRXw=":{"valueMac":{"type":"Buffer","data":"vlcYDGhQ0zQFmVa2GE+illlV284urpQaOCe8VflsFvg="}},"6Xtoj4dwQZzUIQs5N2vGvDRBMuZTCZ4GzsyJudiKKLI=":{"valueMac":{"type":"Buffer","data":"MHFLhS0MYV1r5om2NewwnQEqF4/Eg7HLjCmX8BNGjGs="}},"P6AfQ8JFXIO56nUa8H2NGqBhaPeFo21lFnsJSfdI+AM=":{"valueMac":{"type":"Buffer","data":"ImRYV/snLaE0WSYS7xS0dEzs8Wp9vGWEjr5eR4MkaDM="}},"7uBgxAl18v0+NQ3etOLqQU7v51DJe5DFTzEf+xBH9Do=":{"valueMac":{"type":"Buffer","data":"gfxrhmvS4yoMOua5MSDUKqAEf+KOUZ1Gu6CdzD8/IdI="}},"rkcc6yiho1lIWlnfRIlLMq9zS2fHhm98T55eTyg+pcc=":{"valueMac":{"type":"Buffer","data":"LMe7p1/AQtFwHR3TuRtVRiygLY6R/vx2N979w/mKhaI="}},"Qx5B9glsiKgcZs21+hpHLYcWa+G1WQmFcJ6zcViNCl8=":{"valueMac":{"type":"Buffer","data":"hmRG5ovo9E6CsocPaGhNs/N1UMHnQkQU/Tp187clYBI="}},"rIn0GVSOyvIe5PcSU7XN0L25MeCwr+Qz4o3Eec0cdFk=":{"valueMac":{"type":"Buffer","data":"tmkj5+vBv5J+/jyoXL21RokCXQ/aJfXnUk1dy9HPetk="}},"LHVja403pnozsoej6oTG8mXUygkb7QIrqiHCCAlp4uY=":{"valueMac":{"type":"Buffer","data":"TB771hVg5fS1hfNXU6UIKVuu9ltgEWLtNCA/kedXSls="}},"dG/g+FvBW0ZuLDTSwJ2In4Rir+Qi0FWdtnE54GRd/qI=":{"valueMac":{"type":"Buffer","data":"85ITZ5Ex0WD6rSdkDdkN4wUCV+5g/zHqIq4y9uiRshE="}},"WOhV6dYAkhUTRn5ptUlP1zu8XeQyF65hyeuQTyr3O6E=":{"valueMac":{"type":"Buffer","data":"PHg8cgT621XcqIbRVhYqmI+lKFBDxsSUBS0FIlyMn08="}},"VaxqnRA2F9jfemuR3QVCgf2i8xpQFLV91uuRgavyB44=":{"valueMac":{"type":"Buffer","data":"EoMORrN7TPLU0vvjcGgwMQygAhexaQcJlOso+aOA/pE="}},"IEBhCua6e0qqAQiR30DN7hcE7EHf0jvqZYs0YJdD7nU=":{"valueMac":{"type":"Buffer","data":"5hSRcqdLFK7hvXgKtYlNulD6xbmOc+aJ0QW7698rTBM="}},"1Gs63i60Nt0goo0ViQ/gNUPdDgdlGeoIomRq0SFgc8I=":{"valueMac":{"type":"Buffer","data":"Wswu4XhqqqyJeXs+PUO4nNtkkH51t4ndFwo/hBZmWQA="}},"5iLhGsNaFKcCad7JBU4WukQKstLIUdg4WLAc+zCioRk=":{"valueMac":{"type":"Buffer","data":"eRd64PlVCudComOzuUAbQ0y9DV5rj/IOMiWBcZfStos="}},"g9EO4vaOr1UFCPbkN+wnp8TyPQCzCqpUrKBWjN4o/88=":{"valueMac":{"type":"Buffer","data":"xFh+BJrpDMZR0NbzCNVE2UiNQR3nG6WUGSxOBl6z2a4="}},"685e45fXcCSKIH4S/YPylJp176oXzYzALJ92dFKSPTM=":{"valueMac":{"type":"Buffer","data":"n6iUXV8xMb3WAUZ5zAxCdlUkPUl7pQKESD33fM1eXTY="}},"qZ32D0GVXNrKTrx1o2DwhWNufIyJH9AdeICIjX3JJ9w=":{"valueMac":{"type":"Buffer","data":"r2M5r5alGips1ksUEyBsuAKUij3L7hgXARjmoX4mwmg="}},"FEIKhcwDvf2d4Scol4sudbtg9f8Q4Zte8LxMQF5yyt4=":{"valueMac":{"type":"Buffer","data":"f8D1v1Y9wcXBxq230NvP1vIHp9Pka0nmOtf8pvRmwfU="}},"RcPhJMZixwbcyoJZpqM78r+8d/EYU17ha7Or9uBf6Rc=":{"valueMac":{"type":"Buffer","data":"S8TZpQ1Mi7TXXntgqaGDRBwbq2c1jsRfGmSzoAI54v8="}},"PBQqFwjrbQtY/TZ9O83uELbEcKwpZQ5r+NTnPtnD12E=":{"valueMac":{"type":"Buffer","data":"u1Oex4jGZB/fGBR4K0C3nTaKKkGslrMv3O4a2Dvww20="}},"HSsjV2ETBhptfeQwRbt5AHmrFW7jMrZTFPBcZLxpgR4=":{"valueMac":{"type":"Buffer","data":"2i9F+gBGW12kYglIDQ3wTB/+UE2Hmdw8os1jLC7elfc="}},"qab1FA0sIu7HYWi1Nkh6JaJh/MinpMOI9oEATs/yGK8=":{"valueMac":{"type":"Buffer","data":"bj1qIdxorfbuNZNhmtDyH6dChA00FD1+u/tCSQmhalU="}},"Jr4jFRwSTc/4ssM+xwVo54fkwAKe6T4DofCj0XzjPGE=":{"valueMac":{"type":"Buffer","data":"pfuSdonBjDh1SP7k5fr4fC+8CC/GRxMfltr44qL5PjQ="}},"FdhIbwL+0TC8YZYgjyfiOEbbczL2FoQvjVsZs+A2aso=":{"valueMac":{"type":"Buffer","data":"T9Ug4rtCEG8oKZPGLKJeYMlwYP6eVOrCXo8lheyDa60="}},"5wLP2zNhlfxmW1iN+Aw6crHqDTWbA1Bk1V6TcUV5JDE=":{"valueMac":{"type":"Buffer","data":"oYBrJ2sNWlCG1wut1a2LuGnAArcQ2IaoEYTbls6m7q8="}},"/0i9XpoW7uWVn7HGLfjArEEMFQdp1Tt7RwPpxs8WE5M=":{"valueMac":{"type":"Buffer","data":"XnVnnBesMf5G74cGJrRwfFbZXXGO9FU0H1ciw68zyzY="}},"G0vU0PkSHKHzu10BrZPdELeF2HnrrKebaSUONZWQKOQ=":{"valueMac":{"type":"Buffer","data":"u1Zq3LhkR3WSmjNCcz8iZTv5q+CIWUIs8kdWk1q/opI="}},"iKr8ZUBeJIvt3MBEWFvMQf/cED7Xd4LKOLsnODeiBSY=":{"valueMac":{"type":"Buffer","data":"KNfr2bqh7d8UNu8Kl/H4hmbfoq7rrQ0Ej8K8fLdvs+I="}},"MQc3W8EloD0Yt8qEsmxBrAFaVxk+dIoiHfYA8Pffmuo=":{"valueMac":{"type":"Buffer","data":"LN9wQIZhb9Xjhe5gyAX+8tW8lf5C6raM/fcVb+Mnx4g="}},"/PRE6+DGaSjo6HBh/uHeQULOGSKM3ODTO0YEIyX/1/4=":{"valueMac":{"type":"Buffer","data":"ftMBaKjDk2Q3MND7f7JKfPvOS3raSIF6Ij38cYiCoRQ="}},"JetoLaMIspiEDQtPQqr0Ho5R4Cgpkff6+L5TQlLtBko=":{"valueMac":{"type":"Buffer","data":"NWibe3/j9oe+tYOnEz/+L49735bWsyQQQmq7lPAmjII="}},"SsdCfBlvSnGjDmjXhEoGPkG6jO3YXZ6m9qByAFoB884=":{"valueMac":{"type":"Buffer","data":"Q+N7tzRdPxvtSfsB044QBlA5Gil+RGMQIu/o5BDWt8s="}},"YsodbkloEJKQZ4g9c1a981U7yqaf0u1+EWAe/4P3GSw=":{"valueMac":{"type":"Buffer","data":"0Zc24tz9JDlqFmE5ZrMyWMHf7cio8f7glbCRZK+jroY="}},"723AulGTrPeZ5ayuMpQk8uwB/vpajYY91QpAW905fAw=":{"valueMac":{"type":"Buffer","data":"1JHx0Gxz5Uhc8b7+Wwhi8oLi6bQIftwDJQyqLVD3TPU="}},"Yh0JJj3ToeWoNbIdSlbEV1LOQ2WR5YBQmfliJi8qIJ4=":{"valueMac":{"type":"Buffer","data":"ug+WAiWROA3fxmCJiGB63Ce+K1jnvhkJBTMvwfkzRBY="}},"B/jPtNMdXmS1Ud0Znx3SicEqfs+C6UoYk1dYM52c8jQ=":{"valueMac":{"type":"Buffer","data":"conPJ2UcmPHBoZKy0ijA6YucXfdSSE9oZ/bk83lKxi8="}},"M5Ge6jKWI4pidDqVhy64G4MHgvjUc3DyanWaNrk4K9E=":{"valueMac":{"type":"Buffer","data":"2CZz9Q2viT54idSuLlaID2cW/ZuvPzJMZKSDF7Zv0Y0="}},"SIi9ZQAv3kx8CY0erxZRapBrLqyVNwyASWbJeIXZMXc=":{"valueMac":{"type":"Buffer","data":"iWjYBzEHodF0sqtJCSjSTF+Tg5E1Z3i1S7+SqTQiUCI="}},"OgFP8F+snQR1GarvPsUY8Qx33ft0Q0amvWTlcowUZzM=":{"valueMac":{"type":"Buffer","data":"mEwbsS3POILPM4OxWwu76VHblPxLJkBsNvEsQf5bOY8="}},"IALjZlNKnXzCnSKl4tuV4iop7GgWcpERdogTReZnNcw=":{"valueMac":{"type":"Buffer","data":"f6o+yUgmT3/jTyO70GOHlV6KATNzfwA516Mr6CNO36Y="}},"+dp2ULnOCDzAl+sprZ4AeN6nhY0+W0Zj71UTLy7iaLY=":{"valueMac":{"type":"Buffer","data":"JaL0NlnwvUKVeYsuJBlQoItcWjMr/M8sRH7CNTZHt8Y="}},"MVVrBlYXRZpi1R1PZvVIsoKggS4km4a7GBvUvfAXQQI=":{"valueMac":{"type":"Buffer","data":"vvzLOH738VEv2pYfHAob7isKJSMMc+rHfdXqb/4o1xM="}},"xQ4/F5MIoAT3LnrAEQYPSP9VgLdlQqN+3fl2u8uUESw=":{"valueMac":{"type":"Buffer","data":"SwEwOf5vHm2fIaNmRFi+tvsidLRhlVYZaDHC/Ji7dsU="}},"QYPA4/Z7+DOcJdEUmlOSqx0jD6XII0ZCiIIEXXCptQM=":{"valueMac":{"type":"Buffer","data":"JoQjM/4HtDRtm6SonA8Vg7uICxxprGjKcQFRpLBydUg="}},"ffq7wZ0iJ3Qjy8GxscI9fSc20wsd+rwZq4DQaYH37gk=":{"valueMac":{"type":"Buffer","data":"zR8/tfTuVuANn+I6I5vb8o4oriai3c4rzAULM4tsXKY="}},"cEzkGI9eFXJO2yzd9sm+sqimbdwKZap09ZurWXHp4Fk=":{"valueMac":{"type":"Buffer","data":"oTMIfCgb5ei3DIPnnfIadekGnTp61uUkD0qfCY5dFwg="}},"LBAcVsse9lgl1QBJpQDeHvSl4JYFNnVcdeo030qXFUg=":{"valueMac":{"type":"Buffer","data":"zktHLNSw5SpcTuP5fqLo9GN+Frh1sIXZUtkKfm7Lmmg="}},"kDZOChAzEub5U4kE0VhXn/NFYqStrFnHW0EqBBDbP2g=":{"valueMac":{"type":"Buffer","data":"JfENMuTGmWznkSuJW2bpFo37fr8JdGbIulAy3YOroaw="}},"yQKb8eGihKsYXXxq3kTTtwEpVHe7Xo7lXGQ9kmM/rDU=":{"valueMac":{"type":"Buffer","data":"7T781v7UqwGS0GuaSx/EvRYWhFAd9eAxeIjpF6xU1WM="}},"vSzw6xgI8ECFRHwx/KfPmINX+K41YJ27a7N/eMX98YE=":{"valueMac":{"type":"Buffer","data":"1Q+Me09gc9R9azvN33aGTdhNsEitUzpKOmiZtzjmUSQ="}},"/W5Ai0UbiLd/X3dlbcXd8sG82TF2tmy2vIM/wXXkgk4=":{"valueMac":{"type":"Buffer","data":"UJLNpK9j38mIDDY3WL9QRWp7h7c8AhMw3xRuQfg71E8="}},"JTsnqrtuTico6EDRkaWkuqLCtPxdusqsbVX1UXbX3io=":{"valueMac":{"type":"Buffer","data":"jQGhHbK/6bo4/M3h7cFGS5IuMVApzF+byMIz6lR4uPI="}},"3euRiT+bPdcK+ph2AmGMmkxQznNsRgfLHp9IyID1HjU=":{"valueMac":{"type":"Buffer","data":"J1dO89o9mqx/G2TsUSEv8mSBgmUxnL6dbLNU0weAfPc="}},"ZC7YUhp+gPuQhFmYHVNgrjirk5VsuO+PpuH6x5MJU00=":{"valueMac":{"type":"Buffer","data":"ZPvUPsKryCn0NTjYnyDWP7j+07VNraqLxD38/KKTj4E="}},"nZ2zW13+0wgErox1yfzVe+muOxTYaSObTuyLdaJPOs0=":{"valueMac":{"type":"Buffer","data":"t907mH3Oh8ycfCs9WKdGPUVgb3KdssTSqwaw1gjD0tg="}},"YRa6D51l0wQcoCVjODHGiWTTJjmKsnCdhR6hubqyRE8=":{"valueMac":{"type":"Buffer","data":"Sm3fSosqP9TSf6cNqfiSlXomZ1N8Lyib27eatjEjydg="}},"0w2NtCkPuluJfmr7HGsAHb/0Yt4u59rE5XL/XUspipk=":{"valueMac":{"type":"Buffer","data":"hgjDFYK4SneFoF4KmjP8y3vywv5wk5goHRNEq5FHeMU="}},"x7vPz3xsUks/38hfw2CLUrGjT/3kKwMGtWxNKCXokMw=":{"valueMac":{"type":"Buffer","data":"Ar+8JqUrzLGXXFaIsZ+HUpuZr2+Pqe8Eu3FJ1RIyNqw="}},"vQggfMEpqYq5+Qvz80v/S2GM3nadXa5QU7ZXHKgSAKE=":{"valueMac":{"type":"Buffer","data":"6RaPskRLuKoc/g2erZQtLlSjGb85UE9sFkFR4Nj/t3c="}},"I17LsUwQT6V1YbQ6MtftdXGBz2jhNxaMyZDZKQr8HfM=":{"valueMac":{"type":"Buffer","data":"BbEYUdIQXWjSl4HjxLYZlaiwYalGukJ+AxP7Fv8ZLuY="}},"wdaebwl2kXlPXd0/Ev3VW6BXM/npx/bPezuJpJL9XP8=":{"valueMac":{"type":"Buffer","data":"otB7SsmkqtkNrSvhvZ6jPCr0NoLRGT5CPbs3J1aKF9Y="}},"JgBs8v+oFGeyNvQlT1P/jAwF3a/4gylPvhorIzgkmb4=":{"valueMac":{"type":"Buffer","data":"P5HiMejrsasZrZgdaV+VV2mE6Oy6MAd6V8kKhnT076s="}},"YdS5SwakGaT7Wucgs0zF9G139E98dxlGPrVH3QMUY+0=":{"valueMac":{"type":"Buffer","data":"Ydrjr6p1CfRTi9iQzdW+9V9nmsLST3ilDe6ygw+BMQE="}},"XqqOZXGKTe9TJr11qmFBfheCr3rKUdTXh+iDvV3FUzE=":{"valueMac":{"type":"Buffer","data":"DPUVUn85BLj9MFlVHmarsX+A8EeZ+158Bx9J/VXpA58="}},"la+YvkHtI/e/pxnWRPvS+P8xV2NkKWKctE1DzCSof5w=":{"valueMac":{"type":"Buffer","data":"1+ei7oBXp1QH8DKgvpRV7ToQ+2eM3ygYwmWLJCf2g9Y="}},"2uR1Fl6oGuTJM6DzPLMIVCBJPeTL4bNeNeRVzaC0fy8=":{"valueMac":{"type":"Buffer","data":"/4xQ9jO2K0tLgpTmL7Outs7ttkkU8a9iuKDfs47+Qqs="}},"KB1U5DafC3WuZjSO1d4Htvb8nreP19lUojg66eE+Z1Y=":{"valueMac":{"type":"Buffer","data":"Lx0teKSaC6fQBs2W5GbxWTClPz5eRijfbF3KjGE+hmk="}},"MqYtHITZv3G7sV6ZcRXsNg7pXcsLCFt1T13b7mfuQ3A=":{"valueMac":{"type":"Buffer","data":"7MXuNYMeKOqhqxRf9VPIraYrD+2iWSOSb47tJlnMhRo="}},"B3tGIOKD+rbewaG9Bdee2cnC/SwviTg0gZ5hfzDoqRc=":{"valueMac":{"type":"Buffer","data":"6zW+QrjZTBeCNAas7TO0DW3BkhmASX8Crgmamh6mfEI="}},"OSidDWDSqiciIIEGA6BZy6XSVEpAwDkCpMXE75wQvHQ=":{"valueMac":{"type":"Buffer","data":"zW+k+RYgouVRccnmcSSLkHGv/QipHtkC3I6xl3u0StY="}},"V2aMrxoAWxlRUTIxYg4m4xiGMHdCgCiCX8ApauhkhA0=":{"valueMac":{"type":"Buffer","data":"VM0QYGk15Kh2vgo5UMNECjmrLjTXR7m1nemj3FR8daE="}},"bS+TC7o63KJpim1FHOzokxrlokQIh+ykyJjLOrLQruc=":{"valueMac":{"type":"Buffer","data":"ZoO3Y+KP+Lh5eA6zYylXgoMDLUUWE+e4HtXmnPsOSQY="}},"Wbq34fIDvcf19rFYyR53ei6hDtj9Pi0XA1RwpO7O9e0=":{"valueMac":{"type":"Buffer","data":"ghFWTkB3AVeRWdtPNFcXPzASHw0BLNaiu7bFgS/Xxpg="}},"zjXX95/ftUxX8G1EE2gjhhN50Sh4GyvdoIjwqCbP9uY=":{"valueMac":{"type":"Buffer","data":"4H0R//Wc04p5fp6oizpFkhIXAMKyTu1UykSs73bW+HY="}},"UhKsJJ1wNfa9dkI8c1IFBab0CJA2XYwy3el5pJOpLyk=":{"valueMac":{"type":"Buffer","data":"nlq3Yor1Mo+03dPbJBThbS0itxD4AW6xuF8ux/QXU28="}},"nnbmMdx/pnlF6TCxgvlYGnl8NCEm+oCaY1LvlI6N7PQ=":{"valueMac":{"type":"Buffer","data":"ut3Ql13qXLOrgW0Iv4e2b9xFCrlL1qHNJyQ40le/FIo="}},"TjpzqFqzWMpvUwprmK77ODuHqMilPh8VvODQs2CE6j0=":{"valueMac":{"type":"Buffer","data":"UrIprvcuHXXJ3YW7Ep3XXCrQu2zEsUqnmzu73beJISA="}},"IdVlQEeJAf/ZX8mTGiOE07uXpgCBmcBU6UocAvAqp9g=":{"valueMac":{"type":"Buffer","data":"jgmC1IYqOG6pE1BoWk+ByvtMYRCnSrGNMk9iONkbCVY="}},"2MEvkI3KII2+r3mXUtX/TqdW070POdWPc60s68bCM6E=":{"valueMac":{"type":"Buffer","data":"6GcDSeQAY7IOtU7kC7r3WGTuOgCE51VbyTTTkS7wWBU="}},"09/DSzaHW7aSJTyKG1/RrK/LtjI/4KVWoT71ZvTECeE=":{"valueMac":{"type":"Buffer","data":"pk2IMNhcyW8Ox0ZdeqTdAGPw3V7DlKp0biAlEufqmuk="}},"WG2h2NhBGDpCzJ0/8RtoPXJxJpQb8UdX2YcOkhRt6QM=":{"valueMac":{"type":"Buffer","data":"xl7x/sCkw79tGXesjc9r4iTyyVjpPmV0irJ3LPW0FKI="}},"/kuA37DAhlqN8YQm0JXIoC135ZFSGSXo9Tp2oGmjRTI=":{"valueMac":{"type":"Buffer","data":"NXDJfU/fU7jh2K5eNQ0wPbCD6I5Tp1Ho2GXSk7l5QaY="}},"zafnnRTu2IY+rFGvIJYyG7KYri+JrRmQK5j5s7ec1Ng=":{"valueMac":{"type":"Buffer","data":"auj5gEX95OYTlV/jIP2cKyIyRnLRanXhdtyu3QoTA64="}},"aUbCZdcyhNwDqzOpAUb9sRd9VWZfKBWC/q3UCLNLVl4=":{"valueMac":{"type":"Buffer","data":"W4i5DrO38hcF35mI3URmBpfLQYN3Q2ELB68QpX4jqgw="}},"MgiwDHS13onTE6yRRWxqq1L6sDpjO4G8LH0uhoPLa5o=":{"valueMac":{"type":"Buffer","data":"MgNCZwjchBNN8mlHYcUADT/BanDjUboZceJ6bJfEzMc="}},"z+Cqwm+TRYppUXRonxhHpZFS2+iHQsLqvHQ4uyyXQc8=":{"valueMac":{"type":"Buffer","data":"1FDRZckgvcsT/Cv5C3zQHwmhPetb4ZJ/A2zHZHcq5hU="}},"+6DQ58IA7r53vXMb7wKcCMg4K07iswGSzKA5+g0gNL8=":{"valueMac":{"type":"Buffer","data":"XCfgyg0gYukeLIGTg+5QSvnDeu8TSjgQRjnY+rnhVIE="}},"nkZ9suemJ4IECTnVMRwU8G5EXvO19NEE1ZeafhANpmY=":{"valueMac":{"type":"Buffer","data":"K2B8uvCnxGQNvpk5eibBmYXCBMt7Vg4IrtDxnXFfTqw="}},"A6vewEeHQENZxoD1EAdXko1fH7dMmsXIaxB9FGnbcVo=":{"valueMac":{"type":"Buffer","data":"wZqfy3qH4yQZXzLlL8Q6JjCuw3oBBxSSfy48OMbXsPE="}},"gFdA1hF/N4NzR7ePfdUG3APR0qQ85WrSyNoSUOUsxV8=":{"valueMac":{"type":"Buffer","data":"oMRQMyFxmKF+cjIvu5jfJB083nLVDk2K4BJTJgg2fA4="}},"9dmVgANQNUpZGH8ylGpE24HlZnueZh/1bGHXjZFKW1Q=":{"valueMac":{"type":"Buffer","data":"Jc/Gr4B7tjQ7XipVL8Fw6FjxkicWCF5EfxUA9xl9Vyo="}},"jQ8bcRIVAop4qIDkvmeJ8HKKUu4zUKGHhlTj8BSTUBc=":{"valueMac":{"type":"Buffer","data":"6kcBiNagzbrrH3gsZqykMDkBAwqE4CJsdTM1ZRrSytk="}},"yo2CsjSr/DWbP+UiMzJd7V49NItd9xbH31nKFSTpuG8=":{"valueMac":{"type":"Buffer","data":"KV1fVKJJfkwa+f7DBSaR6/yAFnn9nWMySvbVIDjlLOg="}},"GODpjfV68JJSveTa45pgksjFFIozBInW7+2TJEhqqVw=":{"valueMac":{"type":"Buffer","data":"8aBj5g7B7WJ0SWq+8ofyKU4bEEz9DWel2lSSG10e1nQ="}},"4AFvQU0TXJFb0mmdEKbKealEk4oy7MQAw9YKiuZqqvE=":{"valueMac":{"type":"Buffer","data":"gEvGGzQqGVVlGxoH/mUgNDH/xcl/Fy5RLElr08Gp8rk="}},"1PDyy6pH1Vf0vlc2kCQ04iFVvrNyvBJ2+7mCHSga+vg=":{"valueMac":{"type":"Buffer","data":"PP+ZQUZnPZb7svxLuCwFQhqdOwKoJuj/mpxwWgODQl4="}},"ruwgH2CxlkwV4oPvkGFbHLvWaX6eowcGZzXUOCbyQQU=":{"valueMac":{"type":"Buffer","data":"jPElOC7GOR4c4f+mteLje8ZAPVc8vCFdxpZmIpxu/ms="}},"wAVYiZMTweUsNLSVBquM8zz4TCZh1A2iOQQxLwVrGfM=":{"valueMac":{"type":"Buffer","data":"ccIsyol2ok9ytCLZvCVAegYqerAWyc3v7mzC6Leo17w="}},"rTK4iDHDoLBMmzWeGQLNbSieoM9v/b9CMfKtwvRmEtQ=":{"valueMac":{"type":"Buffer","data":"Uvw3k3WxKltPZoE0PrNIv3aHpk/f2s3zYipQ9iU2rcM="}},"eKTryT2h368AAqG7KxWG3wGyVVpzG6l6g+cbV9bTq7Y=":{"valueMac":{"type":"Buffer","data":"yvRyqv+BSS/oKUxwaYRm7WxwiWWKBHJ2jfUi46sa2wE="}},"aSglebdwqm7+DQsc0VWQzSqGNn7VwV5WV5Ufet9JKYI=":{"valueMac":{"type":"Buffer","data":"Oci1Leba+kgmaNgULMTgTjKoUJXzEHN60QCzw9xhxgw="}},"Up1qN8ZjvQodk2LZbNBp78IfWnfTYPB3ptaJRZt+Agw=":{"valueMac":{"type":"Buffer","data":"ZUb0iYSetZ8EpbxioZzEf6yytcZ6wRw1jdDJs9DFYzM="}},"OeIaL113mp7cTxxTzGhUJser3OBYJQEOI9SG8ch3BEU=":{"valueMac":{"type":"Buffer","data":"7seyIABHhCF49ZkOb21HygTtiMJFbgva6Ui0aWtOgk0="}},"+Q6vVnxmAPgLCR/I4Ah+XCSUvb0ls7O9z321MiIrYM4=":{"valueMac":{"type":"Buffer","data":"ZE0GCm4q/yIxwPbPi4otVYqKTCr9DXkkyS/htQ2zfPY="}},"9NW4lfTqYeJsNvGXp30TpwLW7XNnUqYswzU8XNTmLIo=":{"valueMac":{"type":"Buffer","data":"18pjGTyIpHNSqmZqEvJfJEYG0ImOY5GU7dy+J9roK9o="}},"H/JVm3Lhok41rUIx+RwxhaEtRbmhug1sroVItvEeiPo=":{"valueMac":{"type":"Buffer","data":"SrPUlQ99AmOaZ6qho+l5pZ1Z0qgZDdJ3fDJX6ocnfWE="}},"yULYWo3TNDt0zRCPdkqIP3HB4z6D+eUBJvoz4+FZmz0=":{"valueMac":{"type":"Buffer","data":"JYYY5eJQbm8WgP5RY5TIRaOHe6mDtBlrP/PMLpJBUOY="}},"9EqxH4Fx7PqEM0slaDETVJLTPWVc1HS2YBm9UZUgd58=":{"valueMac":{"type":"Buffer","data":"cBEQmHNg7lcnyWVhmVtfcyOImmKi0d+ae7iPwxebWho="}},"kx3CdBJfupamOFAEzmOotUNgQjNpnGZKYtaBoB/V14k=":{"valueMac":{"type":"Buffer","data":"izL47gsONBJ1gC4H23YvfiVsqMiT85/NRWr9HoU2TzY="}},"TdNmFoLCdoHfFpFHA2wsB2gPau6ezjYPV+NkBFsLhrY=":{"valueMac":{"type":"Buffer","data":"gotGHvxUN2LBBvMbRqs3x746ivyDpGDxG6ajAJP7aTU="}},"+3Gs/kksk70OomiFfn9t67F9DeRn+K3bJJR2us++vpA=":{"valueMac":{"type":"Buffer","data":"mE5STC+aE/qnWVf00fewIKJUFKSa7f3FEVaqcbZbIpo="}},"CNZ2JR8D5K4juT+iudh3No76glaFX4Xk7HZ5GOpW9WU=":{"valueMac":{"type":"Buffer","data":"eOAmy7AKKPr7EIHo3jiecq5KZmMfN0XqPSZuKLGSMwU="}},"toNBCXW1F24/NnSESuufo2Ktr/AUzhrYhw3CO5sNwVw=":{"valueMac":{"type":"Buffer","data":"dR6jH/ivF24wQCYRjTAb9WWfQbbvtNlv4HI3TiCaeMo="}},"aXuNc84A9dbNYDk7TrbcDXMxS7C5vgsP3v6rKeO0X6U=":{"valueMac":{"type":"Buffer","data":"Dby3xUE08cMF3IK6FedIeI7n0C/tms6XjUEa0dHNavo="}},"du/OT2Xjf5Q38xHl+5qQVqPRI0jk7+xwwI2ZYsvbYrc=":{"valueMac":{"type":"Buffer","data":"OhCJ+x+WPEtq5VHYFmTb4RZehFA6WqcD5o9sPV+vTJQ="}},"cGaIW2cxObToXrfefPv7yv1ce+KhIgVIHIoSEfHs9go=":{"valueMac":{"type":"Buffer","data":"zkD8+QsXdqzN24kVsvivft/SbRJmPTMMiooecOhSGMk="}},"cE6v1Tcc3hxxtc8ukZdUuu0TwLaa9iMLq9FzV3ZbPNs=":{"valueMac":{"type":"Buffer","data":"kKg6di8O9rQWGTqWh7rsCyTXMwqIGuX1GsdqdJqGdec="}},"CTPSCEPyTvvWQ1hKjapHl5mTmbguCEl2HPKg5SQic/w=":{"valueMac":{"type":"Buffer","data":"Nh3pI/I8IslLPTAn8Q90uEbb0Da1Widm4TddD+32+kE="}},"gbk//dkPehhjsCdk8qptoPrrB44rK40RTlkWpxak3f0=":{"valueMac":{"type":"Buffer","data":"oLTfmSf3C8jU4mhuG+Gx3M8kfhG+ER8weiMfewKfnZE="}},"kTluOshgGb1m+w24aNU3pcDc3PgV0aV/GUSKKyjjd1A=":{"valueMac":{"type":"Buffer","data":"+DeeQWeRe8Xirkw43+USOn6Dqp0l2pZoydrz9TaFO1s="}},"q7rmBJ3B6jFqpDEIA9fV+diH8I1jLu12vXSQPVDfjWE=":{"valueMac":{"type":"Buffer","data":"XdeHojfLptmQ3b8CCEt1pwgrRB/bMYvuqk3PpWeSlCs="}},"S3EGLqiuaa1cw3ub/X7ZUIMB5CkvufRkZpwzURVpR9s=":{"valueMac":{"type":"Buffer","data":"FEUrqYhKW/j6LJw+INpQwOpUEb65PqYFD//wXOGMVbw="}},"jvZQ4zed4mjTYB0YLrGi5E6X8FH0rJIEsh0rk3D732I=":{"valueMac":{"type":"Buffer","data":"fLzQLcDe+J9/uzo2nSFiI6UvEUutoQJH2N2hMyYVsA8="}},"+wxB8Dj2LY+iBOY+TcXsGzX00hQ6a+aoevDADb1x1/Q=":{"valueMac":{"type":"Buffer","data":"KUCKndt5GwaA2TVhC6+eH39S9+SbuQfEE4Bfkyqatxc="}},"6/ZGj7WKQh79BFwkbHKH5XL0L5BjB2EwVC9+HbTn/nc=":{"valueMac":{"type":"Buffer","data":"5xKiPSYVPjopMmJPz0R0FPpNwzIXoUKRArgvtfiwRDc="}},"1k+j+aArsrtRexTW0O1cF0f/CGP1nE4j3cqsSi8j2SE=":{"valueMac":{"type":"Buffer","data":"OldPzVQfMATFX7CRqF2Q60dyrblqRn0o1HDdfaH5Mqo="}},"fQz0ddrdupjO3WZlbdw4inmBLfINRVhvWkxJmFVNxAQ=":{"valueMac":{"type":"Buffer","data":"wAdtD6ia5oFtGdlj59fhvIvcUPV+uR9QYW7/gcK4g0I="}},"ZU7uebOp2frlmqleMtsn3q7fesW4nVryEUX5p+Dz74g=":{"valueMac":{"type":"Buffer","data":"quCHVUKOfBTyBShxlIVRaCXBXQ/l9M/mxs42mo8ofp4="}},"dhMxTM202sSM+zx05r1DW4rfeHNS3Ux30WvvdqSp5PQ=":{"valueMac":{"type":"Buffer","data":"VGhwXpIqAdr4tlKlScNCTgtAAmZS74mWnAiLkeMJXj0="}},"iONtI1t75e468P1NOs/BXSX+ZYZt3rzky5mS7x5EO2o=":{"valueMac":{"type":"Buffer","data":"fIAHgZrkCEdqKRjorgvZVJvQ9yHD0DwHHpCQ8UP5sPI="}},"3IYRQZN9BfZGZfEqujEeftgenOdU5nkgSTU1jyJZfwI=":{"valueMac":{"type":"Buffer","data":"TlggWx7sCGBD0FDCjyJ+YIr7/KwJy96pZZqhoHdHYrw="}},"mHg6qZp+9Cvlph6pa+c4ILRWN7uF4ZYQIZqP5WDhaSs=":{"valueMac":{"type":"Buffer","data":"inNMft5xhVIR2/hs8Y6+zXqtpvTue4QVlytRNr2XXks="}},"HNEufx5zjUR54av0szCsTCgDSl8SzROkv8MPN1We0U4=":{"valueMac":{"type":"Buffer","data":"P87XPf9JEOQV4UzfFkOHiUng7cz8Jk0j1q7PwvF6pT0="}},"U7XEJRZA4poN8Llbms3KSUUN/E6LpyBYrwd7NZhHECU=":{"valueMac":{"type":"Buffer","data":"nd9BnnWpoyZmdFxhiS4sV9pn4DZU7gdWma4noWyYtDE="}},"hIA7530E1Lv0tZDHNydV0+vKoR1tTJB/gaowqv/xRuM=":{"valueMac":{"type":"Buffer","data":"lylLyV/U2NXOlU0intQeujOVkyXctAxhW28dONEVinA="}},"Usy1o6fyykqmG9+GFoaZImXrDwtpz2DQ4C8WiR3XTBo=":{"valueMac":{"type":"Buffer","data":"ZX3eXj3/b7TbsH1mLMohPybPcbbxEUq/7kdEaAF9yIw="}},"CosZYFgoYpH9hYs3AkWI8Mh+64TnVAkzT7DD/vrgb6k=":{"valueMac":{"type":"Buffer","data":"01NJwga4aLVRjfR5mrWlzMyVISgc3sQVaEirgbO8z70="}},"DzDZxOnor/yCTHp8n5HQMI5kvt4ZU97kRftyAOtVb98=":{"valueMac":{"type":"Buffer","data":"Arp1uBVVvdCoLSihZnUWe/C0mCJaBZ4E81cb3H/J8Jw="}},"bDPVh6GAu2US4YufC853O6XS2P5jTBakZjlCOqSw6GA=":{"valueMac":{"type":"Buffer","data":"lWUVRempOnz3wDTJpWL4hWCMxLYPiX894tnaWWBzUNI="}},"wLNPXBeCK0lRd7fz8tSliy3mQf8rzNx0i8gKFoscMs4=":{"valueMac":{"type":"Buffer","data":"UHDLLe2G7zxMv632sTvm5X5pj+HImY+4i9Upw80nKCc="}},"xNnQo+zErn716iCE/dtWaMkeuTg+YcXSWi5Mlag13h4=":{"valueMac":{"type":"Buffer","data":"CV1CxYw0BtRzME4sHG8g+8vDk4siD7NOVMW1glmUKnw="}},"cf+Q8/KLAG6XJloMaQkAoq84ubPe2WBQYu6LV6cXBLg=":{"valueMac":{"type":"Buffer","data":"/19ftlDT4YiJ/dCaHDpfjQlg+KYRSCBtnCmPlH1D11o="}},"yKC2ebUnqyEdV1JFR/wy/2lPOWg4UgvXHWbgcBxv4Y4=":{"valueMac":{"type":"Buffer","data":"tq3Gl31z3/QVvXfq0sJDzKg8Zg84TQd2RpMWSxrjshI="}},"JOttyu3VfPRtDPLYUoK/qurAeC9vda2KUAVbmHi20ms=":{"valueMac":{"type":"Buffer","data":"17vp4ns9yceINSb0lyjr6fHByYIVuVY4QvNmxUw4dnA="}},"W40qLa4th/dKIbhs2tuLu1pF/ix0JBFSnxkm6d7nIxY=":{"valueMac":{"type":"Buffer","data":"KHbkEGfv0ms5I2DcbBJoN+fIod5Au9MnuIlKDSXtXaM="}},"7B7YGl5fGuM+E/k4GvsaRXy4RtNn4BHphcQJgOk2n2M=":{"valueMac":{"type":"Buffer","data":"89SC9ZOFMLS+MALVlSn+eMhkxUdoSPZVO23ouk/e6PY="}},"qjHA85vJDdtkVjLPALGxwmnu8I8armF133AmhCl5UzY=":{"valueMac":{"type":"Buffer","data":"3V8HSIkzEUrs5peN9n8YafNoMWnM6mT/R9kj1M5FFSg="}},"EoIen4GEGtRUjUJTFZR0zE1sGD5fd0RXrpVzC3BbxfM=":{"valueMac":{"type":"Buffer","data":"vNBtBBg2BEgZr7+6sTKLy8eUOOH5Jp3o2/H62+8k3lw="}},"x6jbXg96YPM5HGmA2jLQp0QoSgc2RXuhZzPwyxtL+rI=":{"valueMac":{"type":"Buffer","data":"wlOFG98wROO4yt/Fl1/AvfPlvd+JTJMRdzhrJnIWFZk="}},"+oiqX+sjVysmobr06Q3y3f6QmGge1bZRTGKtYGpdMUw=":{"valueMac":{"type":"Buffer","data":"HXfp5odymsWDM7bvDgkyGRKN7wB1t1vjT+4eeVtUTaY="}},"B5684C6YNJP2QdzTTR+0TojSnge6Cu6e68eLsv9W/Vs=":{"valueMac":{"type":"Buffer","data":"rgtFXv6f9cjshBm+ORkyOiE4QZzVou+CMsZYsMszwCY="}},"JtvPkHkQWu6Wm7zs9PXSTcmhp060I+CHuvwXzBjLHm0=":{"valueMac":{"type":"Buffer","data":"oZ0pOEYOzr3EA7flxAkzvpljk0gadz70w7MMp0g7/j8="}},"F/09PSqNho+lvsJ75JYELsSkwePJxUiyoq+fyNeMe7I=":{"valueMac":{"type":"Buffer","data":"2BTCPVq3VHhs2Crh3Y2QZx2xp/0U9M+EuEQXEXMbvI4="}},"aBLsQKeOp0Eht5YFreHF6l+Qs9xowesTtoS3gDEJPvw=":{"valueMac":{"type":"Buffer","data":"N+avzlzNbylcrFzBpVrbkHfhYGsOO1IRGTA0fpC93ww="}},"kTFMX/NXN3O8dm0cfBq1rY0ThOP/TL4r3Wq7354iKHs=":{"valueMac":{"type":"Buffer","data":"A3qqAbzO33nAj2IDQwSNmORNpUlmr7A9jYzTydVKfZ8="}},"lkJF520g4Zu8a00VtGfsJa9ZTp6wakMLGKAte8Ai4Bg=":{"valueMac":{"type":"Buffer","data":"Y6EKpLqPGcPAXiFlxAJKtSsIBEhIldqT50z3QlFMHyg="}},"qd8pvhebjoYPZJPRZN4lPteOgRvDo/rGwXpu0RYCH5g=":{"valueMac":{"type":"Buffer","data":"Bn/N29ea6gYi2x7pjUrKqHZRZcCyfRZtcBt5GUVql2o="}},"sOjRZQSW45kcclMr8I9XaVi7QMecDhY0s8fWZuRpbyw=":{"valueMac":{"type":"Buffer","data":"GScA/Dh0VF06R/PhBGh1A6tzvKUOk7EcqWQjWLrSP1A="}},"beFCTT2n8YdU8IOAJbWQTy2E33/FwmZh0nYuVgvkLag=":{"valueMac":{"type":"Buffer","data":"XUEpptMNKA/kmjUVp6J+ljaViXWAyRDuS20Xz3y9560="}},"fXK8SQq414dO3TjI4nm3wLOM/pcud+bJbs6dd5IwbQk=":{"valueMac":{"type":"Buffer","data":"uUxadqkp1ZGQIWcIUKeUSk8/UZPnLyZdqFIE6NtUV8k="}},"zZER3PGMO1e12sUa62+98OpIR7Z12j1M8A7gcN1Oovs=":{"valueMac":{"type":"Buffer","data":"vMK4EbLGjE+1aaK07rMlFo+7+g1z0pxm/6fS63CO1eg="}},"89f961UzyufUKdhe+Ht+P+n7P2NqfKmg52qX14RyXKs=":{"valueMac":{"type":"Buffer","data":"vFXpAyU31StOL2yjlwSgbmjlmsqMoXLLHPxjA6BAd84="}},"Piib2aSB6W5kIocOq/NrsG5kzlptks8N9GjUhO0tC5w=":{"valueMac":{"type":"Buffer","data":"qB/z7pFkLQV262zalsQxYPTMnIhbL2Hwqsn4Fe4u4Ww="}},"KX/xz3GJSWFnfN7F/cq5v8+Y0TRp09nCY9cNOZdwCd0=":{"valueMac":{"type":"Buffer","data":"m6lyfKWZUeZd+nuJNyQxXFUjHYDFMwKNrhJtJ6D28A8="}},"mmuJDWK/jQVGmArajW5d+UDGeE8Sj1vIFLdf/E14ZTY=":{"valueMac":{"type":"Buffer","data":"lIGEpMJnEBC5ZLtNyYSYpLBJ1hyjltcvE73nhKxcal8="}},"wVWjTlBkdKr00P0YugZkbQNbyL6jpFEhFf5d7sLl1uo=":{"valueMac":{"type":"Buffer","data":"OqfASbeeub1Wjcei5eZAIar5TYZaG5lk9Uu5G5GZ2pI="}},"8i7Pb3oHZ1IGnsRam//Xq205GACrWJBxf8AnFO+V4TM=":{"valueMac":{"type":"Buffer","data":"VrROhyndR1FsTWVVIPxSYP5uenelicO0X7qSGKEzztU="}},"aX+m0FTDki1Uzcdvmi/jv/PPRj25wwcNAZmskxpA8NY=":{"valueMac":{"type":"Buffer","data":"A10qmVBmSxDijobY+gjdRZywYvoqN2PZczJ4b6xI8Pg="}},"1/LzNHP2e+1Dw97zub4CYyZuDRRRENs3dmnSxqHvgqA=":{"valueMac":{"type":"Buffer","data":"O4oUvlpTuf1QOyMVdQZTHJC5nDUBi7vpQUHBz0WIFtI="}},"JPbNdzLsuweSfymjno2ccFZv6oidZzdXA9/3eDeL3zA=":{"valueMac":{"type":"Buffer","data":"Y8rBhRQRkNV72zHa0DPih38dYYf5u6arQW3TlkeHmKE="}},"+Ha3b23GWabLkDZhgsCEzfT9qYH2Uc3JLXGW0lfE3zg=":{"valueMac":{"type":"Buffer","data":"UEMoRigFvovV5UQK6F7n7Hz+F6onBWYHg8lVSr17P04="}},"80UFcSRcBs7OhnKfvjN1lqHvruFl133o+VVzC/0fkVw=":{"valueMac":{"type":"Buffer","data":"Ln+O9lBnBwh43DGrBOmXKpoK415+VkJn6r/DbtG1skc="}},"cjr3Jl0PA0mkpbqrESrpdNlpod73mQNC7l7JxAIqU24=":{"valueMac":{"type":"Buffer","data":"M/75fvsKeQSdw5cQ9S6reTQd95eo+hN+W/4wqvThEc8="}},"ojG/dq1b51lYWmf1v//5qtOv0YGrl0/ZKLgqXbiNC60=":{"valueMac":{"type":"Buffer","data":"WveHzcJ26u4WIEnx3cae8ekWyxp78f+6WrHa6os+coE="}},"MiHj4JbiZk2Uo506ueTgCbvhPMkOM06sIUY8qdHWC7o=":{"valueMac":{"type":"Buffer","data":"FyXqv3qBNh1LnBH+8Dlej5TMZOR6l1Z6H/W2cVnRvso="}},"H4xG9V/MVoGEVa4ygMGkvp5zrBDmHBZBQKt8kqS6ky0=":{"valueMac":{"type":"Buffer","data":"FH+Ihdgy+lxwpmvq3EHHPKo+syzl9LTJ5JNmF03ljBE="}},"ordQxLa8bPWH6mgbRO0KGQnC1S8Ni7KwQ7q9gRto55M=":{"valueMac":{"type":"Buffer","data":"+TTFRpxECHlbKYOBZ2/hr3jfR4V4D7LeGR8qvpI7WoU="}},"mtlSvsDGqh7MdDDWJTvDF2Mh90JanbIH7ZrTRtGmwDU=":{"valueMac":{"type":"Buffer","data":"OR/HTBq+jAngTPCnH4JIKigocmTuvjhCqZ37mA7fa+U="}},"aZQC0FIr1Mn9a/j6u6hDZO1TaNbpjsbAX/q2Ayfc0tI=":{"valueMac":{"type":"Buffer","data":"qo1fMTApAwJIz1bieYDQ7HUWZQ/NSFhjiVNaCFCVnWs="}},"6Ebmy6OQ9z22buGihY61zoLoIBdV1r9wI6tcUSx2T/4=":{"valueMac":{"type":"Buffer","data":"GP4DUEMQ0U6A0b1T0i11UgqCCMeNMxIv2+NzhsaDRMI="}},"yt79TvcCH8UapmeqDnne5k0wk340njZNt36s6AbMMWE=":{"valueMac":{"type":"Buffer","data":"3UsDH+S7GMqbu8rPE9XWYwHve744rJoehdFMoxJnT9A="}},"s3sYxjpUT7h7J+4R4lIpSb/dn5y+9vGEI8H9SPovXwI=":{"valueMac":{"type":"Buffer","data":"yo+ik+xv8SRa+FeaZmOPQvckvk6/PvRHAFPehzFvzRk="}},"wm19J8CuDtJHCSNm+neg6a4z5c87W5ln5BJ7dWmt2Gw=":{"valueMac":{"type":"Buffer","data":"qMhk0NLUH6pJN+Bk3Z2eFZLzHgWgtoM/US5PwFLUr8U="}},"nSQEcCvcs3fsoWwgomNQ9Rar8SBDmDYnWQrMS8rL1Fw=":{"valueMac":{"type":"Buffer","data":"jUkU0i/iJwAa19xavVfVA3iFAxqX0VofVPBVtfkzPrU="}},"PDAc4vU7Aa6EXGoFc0karHfO302E87S5NIzsbJTVuuw=":{"valueMac":{"type":"Buffer","data":"94Q9Yp1BlaN35EoCq+vBIaNI47dfMGw+Txgvn4ak4j8="}},"Ge6AFpwszz4CEkjIX59iZNcBmczFRbYia2hLVfJtmsE=":{"valueMac":{"type":"Buffer","data":"fRAfyeyzHsXjcrWqzQ9+Un7KMh3RqGcAZXbqjlyngaQ="}},"O9rffYS7b3lE2LYAEGVJMhu+dBZWz+6WXccoz93XWXY=":{"valueMac":{"type":"Buffer","data":"sjgnuCvoeMYbcd+8BAd9KA6xCe5ZJEx23DiLBMr0Pi0="}},"RsClGsIAjoEBLmN01igyKuclEKsfKOgOuLbeIvpIQfc=":{"valueMac":{"type":"Buffer","data":"bB5K4400AU9Btnkg6l2IOOSrQkcP0wmqVsiJ84iRWLw="}},"P227nDW4BlzJPK+WlW99+/CWeBdifsmm2RRRJxrVeAo=":{"valueMac":{"type":"Buffer","data":"YlqS3ExJ+NeMUpBjJqKYjbKOfMcpg+r64eorlPLWkBU="}},"u1AdaW0Sy2k55Jiarvk9PS+BfhDXOiA43IK3Z9rRP7w=":{"valueMac":{"type":"Buffer","data":"ZHguxap/TYuPHmsi1H4JuRFglU8AhebefzNfSdplLsI="}},"hJoOPA1NstUlaAeRy42272rCZXead6siMkPXgiOykMA=":{"valueMac":{"type":"Buffer","data":"omi94flRf1/OLDx7r6xfPPm2GkUwvbYVm8sgVy0tw6c="}},"UjYZBwe834vMhKuZPgzuLWeBr2xkmee2Q/fo+vXnQ8w=":{"valueMac":{"type":"Buffer","data":"ZcKYjegsE9BoVYoeuu3zxoGq5HePqDXve5TqpeH5laQ="}},"Pcd4twXSdgb1QWBVvubxjijaToVbG8sld6TlLIyHYKs=":{"valueMac":{"type":"Buffer","data":"13LVAFy+jrIeuTu6poZN/8eXH1k1FezlnPvaMdshd3A="}},"MCdJDJgQ9pmroORVtClUSk+Uff7cpg47Pwgrzd017Uo=":{"valueMac":{"type":"Buffer","data":"WAR+atuxLawMbU7lzX+aASUrKonB6Y/Os/5OysqtBFg="}},"0to4t2bUCWdQmEEOIVo+/6nC8P3HrcM2dU9RqrSCnEQ=":{"valueMac":{"type":"Buffer","data":"Xe1O4Qo9/PnzrmkE6CbwAfI1FI7EEUaoHh+QDNJ7R9Q="}},"yLiwrBXPElYwFGtqcxZxsLMyicn9cJB0AC/TnGPgfR0=":{"valueMac":{"type":"Buffer","data":"0SwGE8wfgglqzgCc5CvUShckzxnLqF8YBaENgmAf74g="}},"hpQIz0JgJiKJUBak3x7y01vQ1RNykQ4Nmyy+/DOl3N0=":{"valueMac":{"type":"Buffer","data":"3BqWwoynJKeWhNSR6LuodKwJkFYfs93MWJzbp1jASlw="}}}}