{"version":1,"hash":{"type":"Buffer","data":"83xPT5oxAb2skJrUc3DKNQVGddG8jAjhuIE4kHjxETFVeiFEC6gWTO6nRyaglqWj2KTDDwit02kfWPh2VTAT39AQqU6mDCl+n0Tukc+GiuLWXBLx+xAtqh8UiI69izzyPwi/jYk9LUht2G5CYUuZ3RrBD7tSU7PHMLG7OUiC8Dw="},"indexValueMap":{"LbRw3WOXG3KxtkCnJC1OtU4/n4UkFPuBt5hPeBQdh9g=":{"valueMac":{"type":"Buffer","data":"jww+/R90FNx4r8K7uGpCobby6ZVH9PjSeJ6eDcTjavw="}},"LrZ3TohNZaEzTVBebkLS8Vl/XK4aS9LLGf53r1fgKeQ=":{"valueMac":{"type":"Buffer","data":"anMm7B16ExoG7IbZm8Iq1sSfWyye6kSU6Ny7XT7HZ70="}},"/yJYINZZMAAZbcI2JSVi2cUc9qKvfwTbk4DN3G60e4Y=":{"valueMac":{"type":"Buffer","data":"GjseevFV+hXjnOHcsYPuIvlbXZlhQdRIf5rmVBLl+8o="}},"x5YdicHlxZhzqFYcSRJespMQuVXi2gM8Njo55txALHk=":{"valueMac":{"type":"Buffer","data":"Pisr/IZwC8LaIXExJTs2fNGQGONyD/UueV8y6ZxCxsE="}},"LJBkYmou3k6+ImCYL6w334ZwEh12DjDS/FYvuMvoeKU=":{"valueMac":{"type":"Buffer","data":"rDr3SkRZ+uu2ZBoUPzgWSnb7ho+xZDxcymtRLcWa8WQ="}},"l95rWpFDdx5m5WB/8TuS1pwNyEQpPyq9JcRgvj+yujE=":{"valueMac":{"type":"Buffer","data":"E+QiQZQidGo1yY05m/CK+ClUsrUiruB/9QoYoYg+068="}}}}