{"noiseKey":{"private":{"type":"Buffer","data":"iFCGUqWOusgZ+QZZM939RQ7HaWrSrG5R6b2WmgrvTGw="},"public":{"type":"Buffer","data":"wPeI1qmlGq2JZJ7uMMpB44NT5Yv6llUJZmRTbSmnghE="}},"signedIdentityKey":{"private":{"type":"Buffer","data":"wIS3djzpUMWitXHgZKgxp76rdT+8TfJ+NZmX4N0f+Fo="},"public":{"type":"Buffer","data":"rrUi20QDTB3vGUWh9skVl036fgQkWX+fV8uIsX8DIX8="}},"signedPreKey":{"keyPair":{"private":{"type":"Buffer","data":"aCSJoVhxb2frkjXZrRvwbqanbWhlBKyvgFqVd3avvkY="},"public":{"type":"Buffer","data":"bKFYfOAwxzjvi+yEB9DbQjKRuXHZDM+mKcMEegIi8jw="}},"signature":{"type":"Buffer","data":"Dw4bDgPIHetCp6sCoMjt3L9vHK57wBEq50VP4XuAgc/EBNdQYYbccO1pwqEjzLUcx5JdWTM2Q/KFCKq41o3EgQ=="},"keyId":1},"registrationId":29,"advSecretKey":"D2Ir1wmv3WPhPNXF5qEZXlB1g3x/SU55XkxrBjeh+fM=","processedHistoryMessages":[{"key":{"remoteJid":"559888318456@s.whatsapp.net","fromMe":true,"id":"3B4F6EB58FEE67363B09A447FA2C5A78"},"messageTimestamp":1674441381},{"key":{"remoteJid":"559888318456@s.whatsapp.net","fromMe":true,"id":"F162FA0355C358FB01D3248DA14E1768"},"messageTimestamp":1674441387},{"key":{"remoteJid":"559888318456@s.whatsapp.net","fromMe":true,"id":"2516E4DCFC44B0E987CF36B03E924958"},"messageTimestamp":1674441414},{"key":{"remoteJid":"559888318456@s.whatsapp.net","fromMe":true,"id":"7BB2CF27FE80E180A88D985FA82038B8"},"messageTimestamp":1674441416}],"nextPreKeyId":98,"firstUnuploadedPreKeyId":98,"accountSettings":{"unarchiveChats":false},"account":{"details":"CKqm2pABEJvlt54GGAE=","accountSignatureKey":"lvTvBgB8vDt1yhbpGR+nfGKka8sH/NW5hk9OqftIFDc=","accountSignature":"tEOzQPPjy4XJczltZJjoRZc8QpbPzfll52DoyZN0oygTnY5u5hIi61G2yZLcL4kHlAHIRiRCyQG9kR4pMCDuCQ==","deviceSignature":"lULPfCgoURp84ENReodUfol0/k/bagR1Ob93GmQvx+D8ypmZIY9C9JsOO3uUSYHRkHykreOUVKVFfVW4Ngzajw=="},"me":{"id":"559888318456:1@s.whatsapp.net","name":"Su'h 🖤"},"signalIdentities":[{"identifier":{"name":"559888318456:1@s.whatsapp.net","deviceId":0},"identifierKey":{"type":"Buffer","data":"BZb07wYAfLw7dcoW6Rkfp3xipGvLB/zVuYZPTqn7SBQ3"}}],"platform":"android","lastAccountSyncTimestamp":1674441375,"myAppStateKeyId":"AAAAALyM"}