{"558199720671@s.whatsapp.net":true,"556399290599@s.whatsapp.net":true,"557599118680@s.whatsapp.net":true,"557599118680:1@s.whatsapp.net":true,"5516992636453@s.whatsapp.net":true,"559888318456@s.whatsapp.net":true,"559886299795@s.whatsapp.net":true,"5515991927325@s.whatsapp.net":true,"554891804145@s.whatsapp.net":true,"559591319342@s.whatsapp.net":true,"557188265097@s.whatsapp.net":true,"559184035474@s.whatsapp.net":true,"557598498200@s.whatsapp.net":true,"554888661224@s.whatsapp.net":true,"5519971709682@s.whatsapp.net":true,"5516981304963@s.whatsapp.net":true,"559691792863@s.whatsapp.net":true,"554191245693@s.whatsapp.net":true,"554892039778@s.whatsapp.net":true,"556195769118@s.whatsapp.net":true,"556195769118:43@s.whatsapp.net":true,"556493444996@s.whatsapp.net":true,"559888070923@s.whatsapp.net":true,"5511953426650@s.whatsapp.net":true,"558187755184@s.whatsapp.net":true,"558187755184:36@s.whatsapp.net":true,"558399614095@s.whatsapp.net":true,"558399614095:17@s.whatsapp.net":true,"558492031828@s.whatsapp.net":true,"5511912908019@s.whatsapp.net":true,"5516994290004@s.whatsapp.net":true,"556798687591@s.whatsapp.net":true,"557186578008@s.whatsapp.net":true,"554898547449@s.whatsapp.net":true,"559591438483@s.whatsapp.net":true,"556584224606@s.whatsapp.net":true,"557499314231@s.whatsapp.net":true,"554989264797@s.whatsapp.net":true,"556581421194@s.whatsapp.net":true}