{"_sessions":{"BSped7KuEABfZNKgSyGaZVAwhDasUkKgOILBp8AHYSAb":{"registrationId":11790,"currentRatchet":{"ephemeralKeyPair":{"pubKey":"BSieYNYtYNBuhkA/vV9bVMU1n5fJ/rDTq5EBnBno7mAT","privKey":"EGW+VkiTVgTVGixQqUho95kuQhpEqKAO+KVGBQa4Jk0="},"lastRemoteEphemeralKey":"Be5RvJCKwKHv66c3/iZ+WPjYPvvSt7+dLESF+XkVdQ5M","previousCounter":0,"rootKey":"Uhd++XSP9UURnJVxWCLZ/EIwhEx+PlEfeW5T+I2lMTI="},"indexInfo":{"baseKey":"BSped7KuEABfZNKgSyGaZVAwhDasUkKgOILBp8AHYSAb","baseKeyType":1,"closed":-1,"used":1674492935790,"created":1674492935790,"remoteIdentityKey":"BYArC03V5cXKDMu3hS97Wq9D85vlh4sfYMsK0i9vkwhF"},"_chains":{"BSieYNYtYNBuhkA/vV9bVMU1n5fJ/rDTq5EBnBno7mAT":{"chainKey":{"counter":0,"key":"pygqJ9WnrlpoGIsFR3HPTzI7i3Ow/iYLJA8ygz6zeUQ="},"chainType":1,"messageKeys":{}}},"pendingPreKey":{"signedKeyId":5,"baseKey":"BSped7KuEABfZNKgSyGaZVAwhDasUkKgOILBp8AHYSAb","preKeyId":394}}},"version":"v1"}