{"_sessions":{"BTz4b4AgX24NiImw5l9uiB/WiW+FwpJUJaCprv/b+Pkz":{"registrationId":1033977819,"currentRatchet":{"ephemeralKeyPair":{"pubKey":"BW//rl7w3LYg3Mw+3HXgwbkABDuCRUIFn1Q3+9p2y0gb","privKey":"MJfeSdg5E+VVs4XwAaqy+NsNEpuRupk5tN5uBFmAUGo="},"lastRemoteEphemeralKey":"BVj0UvjpCcYinMvHVAWBzPa/gNkr55QR8mfrcEcWme4f","previousCounter":0,"rootKey":"1McfBBr4vtWkpLaFoRqEyjO9mBNXlE2HEG05SaVNbPg="},"indexInfo":{"baseKey":"BTz4b4AgX24NiImw5l9uiB/WiW+FwpJUJaCprv/b+Pkz","baseKeyType":1,"closed":-1,"used":1674492936172,"created":1674492936172,"remoteIdentityKey":"BTLAUKg97HyiqpPr6KUTOqO+34TqQ9wHB6XwrMBTWUxS"},"_chains":{"BW//rl7w3LYg3Mw+3HXgwbkABDuCRUIFn1Q3+9p2y0gb":{"chainKey":{"counter":0,"key":"aN9pF2B4v1c2WB+3CRrpSoykWdyq8y8qVdLXwR8QkGw="},"chainType":1,"messageKeys":{}}},"pendingPreKey":{"signedKeyId":10335333,"baseKey":"BTz4b4AgX24NiImw5l9uiB/WiW+FwpJUJaCprv/b+Pkz","preKeyId":4285}}},"version":"v1"}