{"_sessions":{"BZLUabTxLlvOFC9sKBnHbIKmaZS8GERWuTKdlBSQiEBt":{"registrationId":430057100,"currentRatchet":{"ephemeralKeyPair":{"pubKey":"BcYc5miRAwbeToQYCToyw6LdgUwCtmGoDqwVRvNBwT1f","privKey":"sM5CWKlKWkKY3a2PAj9dlvH9POOCD13GiyKKQvDh2GU="},"lastRemoteEphemeralKey":"BWf0K6p4bgjrhuuj9S6B+Lk/vYWmQWuzJTvbpTRYcatk","previousCounter":0,"rootKey":"ohjJsDpLiBXGjNe5YhJDaqrXK1QA42nTtFy1Z4kylUE="},"indexInfo":{"baseKey":"BZLUabTxLlvOFC9sKBnHbIKmaZS8GERWuTKdlBSQiEBt","baseKeyType":1,"closed":-1,"used":1674492936115,"created":1674492936115,"remoteIdentityKey":"BR9S5OOKOsxPKIIxF47N1LKesaX6OP7d70cYdfsVv4BI"},"_chains":{"BcYc5miRAwbeToQYCToyw6LdgUwCtmGoDqwVRvNBwT1f":{"chainKey":{"counter":0,"key":"3+7SOCVe9/s8sli34uyzlBvMzScVkGmeHyjsc8m1M3s="},"chainType":1,"messageKeys":{}}},"pendingPreKey":{"signedKeyId":5,"baseKey":"BZLUabTxLlvOFC9sKBnHbIKmaZS8GERWuTKdlBSQiEBt","preKeyId":5421742}}},"version":"v1"}