{"_sessions":{"BUITJQvK8obGAnUpHt50pQd51nk8wL3o13B0loWjodJR":{"registrationId":47383576,"currentRatchet":{"ephemeralKeyPair":{"pubKey":"BQ9SF9wD6LHnvRGvkrwyI28uY0yVLOWkk4Ad8Rk7fihW","privKey":"UKOK9l2Q5fPb0Z8g94ZqihDhLZ+FvSAOLN+wg3bE9l0="},"lastRemoteEphemeralKey":"BWqdiv3beii/Zhub8J45dXRz6q4e3UzqNmqHp1f0+QVa","previousCounter":0,"rootKey":"Bcry6YuXLVUYaHkW4IBnwJ3ikmwdXQCQZMIghJCw7rc="},"indexInfo":{"baseKey":"BUITJQvK8obGAnUpHt50pQd51nk8wL3o13B0loWjodJR","baseKeyType":1,"closed":-1,"used":1674492936400,"created":1674492936400,"remoteIdentityKey":"BU4ZW+xEShQeapIZaV47vX6G7rheq+2bnX2ME/Unyvg0"},"_chains":{"BQ9SF9wD6LHnvRGvkrwyI28uY0yVLOWkk4Ad8Rk7fihW":{"chainKey":{"counter":0,"key":"r9tJ7MHJWIBeKXsmxdZPT1PSjl7Z+idnO0+cn5QZhdc="},"chainType":1,"messageKeys":{}}},"pendingPreKey":{"signedKeyId":3,"baseKey":"BUITJQvK8obGAnUpHt50pQd51nk8wL3o13B0loWjodJR","preKeyId":9769418}}},"version":"v1"}