{"_sessions":{"BTugon5go8P8J7BoQOkmhSJC+xPoolK1NykrgcopzfcY":{"registrationId":2080644853,"currentRatchet":{"ephemeralKeyPair":{"pubKey":"BZbyl0YOhW4V5aFgB4uQEcwSHEsOmHIExTFRGpbs4pYB","privKey":"KC9jnV1jorN0xYx/swO+a13F1JF0cEIlCV66pie+qU8="},"lastRemoteEphemeralKey":"BTRnZVG16pfYqh1Xkp6uIc8Kjklf0W9ChWX3D5/4LaAt","previousCounter":0,"rootKey":"p7EpiwPeN76PzPm11FBoMAISgDHx2suBBLkIguip5ks="},"indexInfo":{"baseKey":"BTugon5go8P8J7BoQOkmhSJC+xPoolK1NykrgcopzfcY","baseKeyType":1,"closed":-1,"used":1674492936096,"created":1674492936096,"remoteIdentityKey":"BTdUntjMeVw6KXs6Y53AVlRSZX40W+vibAFnAmFNPBwL"},"_chains":{"BZbyl0YOhW4V5aFgB4uQEcwSHEsOmHIExTFRGpbs4pYB":{"chainKey":{"counter":0,"key":"uKgJTfZEeRlfaxXQlaM8P8WVaaLOh56lg2GuSEWh6uM="},"chainType":1,"messageKeys":{}}},"pendingPreKey":{"signedKeyId":7,"baseKey":"BTugon5go8P8J7BoQOkmhSJC+xPoolK1NykrgcopzfcY","preKeyId":1740726}}},"version":"v1"}