{"_sessions":{"BemFtsaTdpi8GlZu4aYM6Ro5kfkgwlAwvHRgTlFGXAUJ":{"registrationId":1554422965,"currentRatchet":{"ephemeralKeyPair":{"pubKey":"BfY+9rtpMA2MkJ7JKnRR0ey/Gbr2cz1asyWcw9+60KQy","privKey":"MJBTuwVGq3UwXgrnQ55ecjixe/xd5cLoN+Fctxrx51g="},"lastRemoteEphemeralKey":"BcUZ7KA01fvcjUqbEKx2xCfF1c9SgQrqgLvBCM+umSMv","previousCounter":0,"rootKey":"HbqxMdQzkwOekc62okCz7/AtVsZmJYFt3PATu0xa5NU="},"indexInfo":{"baseKey":"BemFtsaTdpi8GlZu4aYM6Ro5kfkgwlAwvHRgTlFGXAUJ","baseKeyType":1,"closed":-1,"used":1674492935856,"created":1674492935856,"remoteIdentityKey":"Bd/5DRcCUd/2RoisiVhTDpkrnpXf+POZOBNqzfAXf0FZ"},"_chains":{"BfY+9rtpMA2MkJ7JKnRR0ey/Gbr2cz1asyWcw9+60KQy":{"chainKey":{"counter":0,"key":"xNPXRdU9DloKErBjq+tdTK13pIVqhCHdbbY5hrakwe8="},"chainType":1,"messageKeys":{}}},"pendingPreKey":{"signedKeyId":10,"baseKey":"BemFtsaTdpi8GlZu4aYM6Ro5kfkgwlAwvHRgTlFGXAUJ","preKeyId":16246213}}},"version":"v1"}