{"_sessions":{"Bcxo+cdZJ+Bjk/OvtWdw1HtW4CoMwTu35HOoDNZ1lPUy":{"registrationId":1895367346,"currentRatchet":{"ephemeralKeyPair":{"pubKey":"BbEnPPEGd4t6zN/IKjMdU8dvJMzkdDR8N+HbLb2Q0XRP","privKey":"2PdG0TwTuRedl5N1oFUY43gzlfGC9zhbDC9k/RJL/Wg="},"lastRemoteEphemeralKey":"BeSxuzQYFUB8XxmP5/o3VULl57dMhkQ+b4JU6o88ELF7","previousCounter":0,"rootKey":"d1aT52T0lu5PWrAJF7rmga4y8tdE1RqqB86kSY+K2YY="},"indexInfo":{"baseKey":"Bcxo+cdZJ+Bjk/OvtWdw1HtW4CoMwTu35HOoDNZ1lPUy","baseKeyType":1,"closed":-1,"used":1674492936349,"created":1674492936349,"remoteIdentityKey":"BbIDB8+tcw5K/Tl9nvof/8j9ppcCyP/IO2pasT1khFIc"},"_chains":{"BbEnPPEGd4t6zN/IKjMdU8dvJMzkdDR8N+HbLb2Q0XRP":{"chainKey":{"counter":0,"key":"EgxKFKWo6OOwncu1xCpDgt4oSxJEhQSaaVrKWSapzi0="},"chainType":1,"messageKeys":{}}},"pendingPreKey":{"signedKeyId":6,"baseKey":"Bcxo+cdZJ+Bjk/OvtWdw1HtW4CoMwTu35HOoDNZ1lPUy","preKeyId":10442852}}},"version":"v1"}