{"_sessions":{"BQtYTLnr//5ViO1NPr5j7QWDvyKla19MRK/lnaPWCnAq":{"registrationId":2130731736,"currentRatchet":{"ephemeralKeyPair":{"pubKey":"BdLWtMS2VJ0EHXNptz6KUgwf3YeDPmSpf3UUSSR3yFsq","privKey":"0OIDUSOMYF5Zwk5BNgtTwGAawJvw6kMyDjVDwJY6sUM="},"lastRemoteEphemeralKey":"BTc2DDCVQRPBCvIFz0r//38zovWMthMU3bCcM2MJGMUy","previousCounter":0,"rootKey":"jTmqABWsaiFbL5F690RHw1I+qqc1uqY0SM8VvXV5euk="},"indexInfo":{"baseKey":"BQtYTLnr//5ViO1NPr5j7QWDvyKla19MRK/lnaPWCnAq","baseKeyType":1,"closed":-1,"used":1674492936314,"created":1674492936314,"remoteIdentityKey":"BaA80L+36bXbPZ40U+8gSRgDF7wJMrrFiHpAGN0bwMUU"},"_chains":{"BdLWtMS2VJ0EHXNptz6KUgwf3YeDPmSpf3UUSSR3yFsq":{"chainKey":{"counter":0,"key":"tqhMQItvaixWLY/B/LALzC8iool8FcPpdQFYMAvZdaI="},"chainType":1,"messageKeys":{}}},"pendingPreKey":{"signedKeyId":14,"baseKey":"BQtYTLnr//5ViO1NPr5j7QWDvyKla19MRK/lnaPWCnAq","preKeyId":14359076}}},"version":"v1"}