{"_sessions":{"BQUJp5Ob4w7uGhWJME79wSlX6mKq+kSejWKBg89ouB1F":{"registrationId":1384298968,"currentRatchet":{"ephemeralKeyPair":{"pubKey":"BZi27hRgWPEjX0rjtZIK8wQ8siv/Za5jIi+/+WXST6x5","privKey":"2JkrZ3EbPG6+Zqsti77Zoweod7Panu+JsKsVUtXvUEU="},"lastRemoteEphemeralKey":"Bad13UMqlj1Fj2i6EeQ7VYNg98vsUoxr9hJBdr1euH9C","previousCounter":0,"rootKey":"xH4TBvCTYbZ+7tX/JYG1oz+bsiIxXlWqtTypZSwZGSQ="},"indexInfo":{"baseKey":"BQUJp5Ob4w7uGhWJME79wSlX6mKq+kSejWKBg89ouB1F","baseKeyType":1,"closed":-1,"used":1674492936134,"created":1674492936134,"remoteIdentityKey":"BXHf3tLnM7HZFUzFQziVX0aSwZnJJMTHmGx5+NsbyXAW"},"_chains":{"BZi27hRgWPEjX0rjtZIK8wQ8siv/Za5jIi+/+WXST6x5":{"chainKey":{"counter":0,"key":"MyfgvGXeb6OOHM8V2smOcLwtCMzkC31yNTETBtV7EpU="},"chainType":1,"messageKeys":{}}},"pendingPreKey":{"signedKeyId":3,"baseKey":"BQUJp5Ob4w7uGhWJME79wSlX6mKq+kSejWKBg89ouB1F","preKeyId":14426420}}},"version":"v1"}