{"_sessions":{"BWTJynsqLzXGzvwdj8sD/lBobr2zd3dKPwNdmjHq3I1D":{"registrationId":1288691966,"currentRatchet":{"ephemeralKeyPair":{"pubKey":"BbaOK4PwjujS06OwoIpqsNL8WJ6wRxByVaVrQe5JQgYF","privKey":"0KbNJJG8s7BaVTH5yyFW08+ab4tMHxyAfTYxu1u8fFc="},"lastRemoteEphemeralKey":"BfLcaICQqwZy00NoWId+ez0ohVWIH8YbRLkYaZrwratC","previousCounter":0,"rootKey":"uSVGInw02GKKpPcyg05yjfB99bS1zWbedEw1cXg4+BE="},"indexInfo":{"baseKey":"BWTJynsqLzXGzvwdj8sD/lBobr2zd3dKPwNdmjHq3I1D","baseKeyType":1,"closed":-1,"used":1674492946834,"created":1674492935909,"remoteIdentityKey":"Bf/6CcDbOGil0+Jp4rT13dPJf9WmHUrctpByrdSiOUcR"},"_chains":{"BfLcaICQqwZy00NoWId+ez0ohVWIH8YbRLkYaZrwratC":{"chainKey":{"counter":0,"key":"mZQ3ORkfr5V/y3cDODvGoHvuZkgumjWpZS7YJjMen0Y="},"chainType":2,"messageKeys":{}},"BbaOK4PwjujS06OwoIpqsNL8WJ6wRxByVaVrQe5JQgYF":{"chainKey":{"counter":-1,"key":"MqF9jE6hhfVIAYj8Yk0F43cnKWZSRhYBxzMDLS/3v4s="},"chainType":1,"messageKeys":{}}}}},"version":"v1"}