{"_sessions":{"BVE+XWBxtj/TxF93yrz7CSD729+aYqAD0CRx2Rw+G+I2":{"registrationId":459012855,"currentRatchet":{"ephemeralKeyPair":{"pubKey":"BWIGq/jXn+9hnTl2Hl7opx1JKwBukKCq6TnZveDMf0dg","privKey":"eOAeXtANEF4gNOzo0zS9hmhCOxlke5N+vMG9LlrnxUU="},"lastRemoteEphemeralKey":"BW+KxTMHPtsNHaf/E3BDSF6myPaD6Y1WPJBQmHZLZCRH","previousCounter":0,"rootKey":"V51yfNw843hsHgV4jZS0yqb4s8Gu62u04O9ZvwCgq4g="},"indexInfo":{"baseKey":"BVE+XWBxtj/TxF93yrz7CSD729+aYqAD0CRx2Rw+G+I2","baseKeyType":1,"closed":-1,"used":1674492936365,"created":1674492936365,"remoteIdentityKey":"BbKG+bJDC4Jrf1n7WuK80bIOe8PXX5+Jb8UOImqbuUwk"},"_chains":{"BWIGq/jXn+9hnTl2Hl7opx1JKwBukKCq6TnZveDMf0dg":{"chainKey":{"counter":0,"key":"WbolqtK6gecp5ie+L/dKEOkKUTZ2IwGOgWiK9sj4vG0="},"chainType":1,"messageKeys":{}}},"pendingPreKey":{"signedKeyId":1,"baseKey":"BVE+XWBxtj/TxF93yrz7CSD729+aYqAD0CRx2Rw+G+I2","preKeyId":612102}}},"version":"v1"}