{"_sessions":{"BWBkriQJWMetkIP21z9cQGudOUwyfSB/73U4KL0fSpcg":{"registrationId":12602,"currentRatchet":{"ephemeralKeyPair":{"pubKey":"BaNlBHNYxecb27srUoc8+WS+ZcsCvMlYYxRB7FxwHbJV","privKey":"kE0aYJZ0HSlSGA+bZ6XFm77O8NXubuvyR30W2WrtM1w="},"lastRemoteEphemeralKey":"BY0xF0KsQwCkl7m2L+qIFQw+D8ZIX7tRP2jGbO+mc15F","previousCounter":0,"rootKey":"aLfkaDLsDDrOVl1Vm9tuZxvxMD79pOya/ue23de3CQk="},"indexInfo":{"baseKey":"BWBkriQJWMetkIP21z9cQGudOUwyfSB/73U4KL0fSpcg","baseKeyType":1,"closed":-1,"used":1674492935757,"created":1674492935757,"remoteIdentityKey":"Bdv4Znfp9HcOqGn08udRyfr2S6va4hnRFjKQSd9hCTlw"},"_chains":{"BaNlBHNYxecb27srUoc8+WS+ZcsCvMlYYxRB7FxwHbJV":{"chainKey":{"counter":0,"key":"mVC6uK2CDj6QF32StR1e4sJGVapRpg/CXPqUD/IL/Ak="},"chainType":1,"messageKeys":{}}},"pendingPreKey":{"signedKeyId":1,"baseKey":"BWBkriQJWMetkIP21z9cQGudOUwyfSB/73U4KL0fSpcg","preKeyId":27}}},"version":"v1"}