{"_sessions":{"BYJXasOiGOttPDgRVX2UA08ZqqpkYvy0nM0niBDrCssy":{"registrationId":1933929928,"currentRatchet":{"ephemeralKeyPair":{"pubKey":"BY5xvG9bpGpXn9YsejiN4rt7U69uQ97ObODWd1jkxvth","privKey":"yIqIJqL0MSmBkfKIy5n4uD3PdJdF4NpE8E2kc6gMHks="},"lastRemoteEphemeralKey":"BfqqLPjaLWsP90HNh+fdDLuE5FVg1vcq48ShKzSTBIBi","previousCounter":0,"rootKey":"VVjkDLVWHI1rpSYDRWSixBYqqpX6l7PDZ1G7jdFoe8A="},"indexInfo":{"baseKey":"BYJXasOiGOttPDgRVX2UA08ZqqpkYvy0nM0niBDrCssy","baseKeyType":1,"closed":-1,"used":1674492935983,"created":1674492935983,"remoteIdentityKey":"BTdmNTahtmgCmRp5JtusRazVhGKhpsOurmCqMpHyhcdm"},"_chains":{"BY5xvG9bpGpXn9YsejiN4rt7U69uQ97ObODWd1jkxvth":{"chainKey":{"counter":0,"key":"ZkMvRXJoqFTuY1eRexofNWn4NPywrcIgmL3dtvyUOps="},"chainType":1,"messageKeys":{}}},"pendingPreKey":{"signedKeyId":1,"baseKey":"BYJXasOiGOttPDgRVX2UA08ZqqpkYvy0nM0niBDrCssy","preKeyId":10631433}}},"version":"v1"}