{"_sessions":{"BfSNv5pGehjwhzvY3aUpfqbB1lezMhexis5bhuXUifQi":{"registrationId":553283311,"currentRatchet":{"ephemeralKeyPair":{"pubKey":"BavJBu121rwTbgUbqO3LvsKpCm41JMRv2oJB730B+glp","privKey":"ULgD+UrxOabFiVPr3QciJC0ve5wZaGzNfSTuT3On+lQ="},"lastRemoteEphemeralKey":"BWmWWY/R6NZkjHy6WyXnpYE1/q3NfoatvK9uC78WGEkp","previousCounter":0,"rootKey":"4K4XVCJ0Qto6lUALiAl38gSEyozN1dayuAIt8Wkp8JM="},"indexInfo":{"baseKey":"BfSNv5pGehjwhzvY3aUpfqbB1lezMhexis5bhuXUifQi","baseKeyType":1,"closed":-1,"used":1674492935891,"created":1674492935891,"remoteIdentityKey":"BWG5HFf7pp0E3eK4IIFxJx9Hlcwuc46m4AbMf3LgAloc"},"_chains":{"BavJBu121rwTbgUbqO3LvsKpCm41JMRv2oJB730B+glp":{"chainKey":{"counter":0,"key":"mw+OCF0X9sEkyxyWhpahIzOCpnX/QEx4PYYige9TT/E="},"chainType":1,"messageKeys":{}}},"pendingPreKey":{"signedKeyId":1,"baseKey":"BfSNv5pGehjwhzvY3aUpfqbB1lezMhexis5bhuXUifQi","preKeyId":8650808}}},"version":"v1"}