{"_sessions":{"Bb9Aw0CR+X+a1yX64zOuuSM1snMbj8FRn/08FdnM3L8d":{"registrationId":109698429,"currentRatchet":{"ephemeralKeyPair":{"pubKey":"BfrgPlh9bAun1D/dTIearU+OVRd541pd++zX8y1n8fUz","privKey":"aH7L5LENoFfE78KcxHWQAvikFFxFrSH36rA18oEwomU="},"lastRemoteEphemeralKey":"BRuBAZz1SHB6ZDLDohgTLOFNhCZlax25jVQJBqRb3VZS","previousCounter":0,"rootKey":"xko7svByPAlFYsqiRvJIV7S2920m8RmEQepqM4tiCfM="},"indexInfo":{"baseKey":"Bb9Aw0CR+X+a1yX64zOuuSM1snMbj8FRn/08FdnM3L8d","baseKeyType":1,"closed":-1,"used":1674492936452,"created":1674492936452,"remoteIdentityKey":"BYh2hzytzCM7WoL68UbcU3DhrUPDdjd5yqLymZDc3RQv"},"_chains":{"BfrgPlh9bAun1D/dTIearU+OVRd541pd++zX8y1n8fUz":{"chainKey":{"counter":0,"key":"gNHJIkVz/vrg4ucjdtdDa4o8CoAss7K4AUjtCtz106s="},"chainType":1,"messageKeys":{}}},"pendingPreKey":{"signedKeyId":3,"baseKey":"Bb9Aw0CR+X+a1yX64zOuuSM1snMbj8FRn/08FdnM3L8d","preKeyId":3833549}}},"version":"v1"}