{"_sessions":{"BdN4VW+/92Rn8Ko/alpYRVsN44+BA7vogJUePuSbkZtg":{"registrationId":845710406,"currentRatchet":{"ephemeralKeyPair":{"pubKey":"Bfe/IkHfSOQv+x7lw78dIof9M6aB8e/dYTxFITjfh0A5","privKey":"sNmTfpJ36vFjtWvdsRxXtq1s43/Vdjde19KQam+F+Ec="},"lastRemoteEphemeralKey":"BeiYzt4AGPJXh+IfJWP+a9Rtzv7zpcqNFCsJK7Zb6Fcw","previousCounter":0,"rootKey":"x2tB6W39V53RQS+kFzUyU2tHNt0TMzhfAe4Nu4dAkTY="},"indexInfo":{"baseKey":"BdN4VW+/92Rn8Ko/alpYRVsN44+BA7vogJUePuSbkZtg","baseKeyType":2,"closed":1674497810510,"used":1674441377261,"created":1674441377261,"remoteIdentityKey":"BZb07wYAfLw7dcoW6Rkfp3xipGvLB/zVuYZPTqn7SBQ3"},"_chains":{"BeiYzt4AGPJXh+IfJWP+a9Rtzv7zpcqNFCsJK7Zb6Fcw":{"chainKey":{"counter":8,"key":"r+hpsBnZHbTfBAdDT7P0FiDbfJk6ZJXF6C1wUPbl2Hc="},"chainType":2,"messageKeys":{"2":"fIO9QdXcY2AMOvYfT+2PqvvIFS+x4Dl9kFF2OJ8qZuo=","3":"OhK+EqHA2jcVUFqMPEUwUgTjuqnyZuvnUf6mH6GTzts=","4":"j0QocFP6dufJ80JPyyWS1/PCrkEJ3cJXSPSwsPu2CDM=","5":"gTUcY5ZqDbZxe6upEk0PalbLxwV33VMQMT54TFMOMLU="}},"Bfe/IkHfSOQv+x7lw78dIof9M6aB8e/dYTxFITjfh0A5":{"chainKey":{"counter":4,"key":"5WYfiZ5VbpHd6O6wUPdD7A4s+JGpOJriGXQjkTs9GHw="},"chainType":1,"messageKeys":{}}}},"BUnBeY+mUeVPrexH7h7T8y5Y9P2Jp/MmNtwbZcehWIJ7":{"registrationId":845710406,"currentRatchet":{"ephemeralKeyPair":{"pubKey":"BZncB5qmkSHyShtVWV04yxSlMOSZP+4bac0BcYdbIRMc","privKey":"gG/BB6kc7ujjdKQjNnBx3LKfjRq5tUygl28bpQ/I230="},"lastRemoteEphemeralKey":"BUrStC3qb1z2mFQws4H8+Lfe9YOTrkmUefRvxXm46G9V","previousCounter":0,"rootKey":"HPKj43Uwxu303l7kAgF6TTlUg67BJxL1kqiAlytRaRw="},"indexInfo":{"baseKey":"BUnBeY+mUeVPrexH7h7T8y5Y9P2Jp/MmNtwbZcehWIJ7","baseKeyType":1,"closed":-1,"used":1674497810484,"created":1674497810484,"remoteIdentityKey":"BZb07wYAfLw7dcoW6Rkfp3xipGvLB/zVuYZPTqn7SBQ3"},"_chains":{"BZncB5qmkSHyShtVWV04yxSlMOSZP+4bac0BcYdbIRMc":{"chainKey":{"counter":0,"key":"cSSTYx6saAdLwj7O4tmK9RcvVPy9Tvgy9F9mE4vGylE="},"chainType":1,"messageKeys":{}}},"pendingPreKey":{"signedKeyId":1,"baseKey":"BUnBeY+mUeVPrexH7h7T8y5Y9P2Jp/MmNtwbZcehWIJ7","preKeyId":14126108}}},"version":"v1"}