{"_sessions":{"Be40crgOgdk+qFBEVufI1HgBWW1NEIMMun0+USH3wfQR":{"registrationId":1215983825,"currentRatchet":{"ephemeralKeyPair":{"pubKey":"BWd6OqL+x4gzYeOq4Xy+ompVGr8AARHqVxT5H3g/Dk1s","privKey":"mGV1LDfbFejFgdLcRXpZY55A+uvgN3aAUhYRed+b7WY="},"lastRemoteEphemeralKey":"BQRxTGY/dzThh2u3uQRe7aXwJUkwLv2Sw3lPRfNM2s4E","previousCounter":0,"rootKey":"prgKLak8Rr/XxVuWUAt0a1uPWV4QnpnOgFnAY5HJZdM="},"indexInfo":{"baseKey":"Be40crgOgdk+qFBEVufI1HgBWW1NEIMMun0+USH3wfQR","baseKeyType":1,"closed":-1,"used":1674492936434,"created":1674492936434,"remoteIdentityKey":"BadfVWdpyhg7o5LeaDYun415g7Owj8Ef5aI1TBym/OAE"},"_chains":{"BWd6OqL+x4gzYeOq4Xy+ompVGr8AARHqVxT5H3g/Dk1s":{"chainKey":{"counter":0,"key":"S7ZG5FbNlavkSRwIu9YGKnD1Swpn1bl5gac8VW8rqek="},"chainType":1,"messageKeys":{}}},"pendingPreKey":{"signedKeyId":2,"baseKey":"Be40crgOgdk+qFBEVufI1HgBWW1NEIMMun0+USH3wfQR","preKeyId":6706341}}},"version":"v1"}