{"_sessions":{"BYG3KVSY+kqiTQHc051J7H3Sei2N31pJl68TufaN7iME":{"registrationId":435534036,"currentRatchet":{"ephemeralKeyPair":{"pubKey":"BRqnic/B4PYjGvnqMCmoThmX3+5gwtnitpbnT1SWJulW","privKey":"kHvYGC8BDV0SfEa3rhK4TRlyMJy+sDt+ILobQ49LIXg="},"lastRemoteEphemeralKey":"Bcnz68Efh8tStayfBi0BEwHj7S8OQanZxaVoLd8GHNow","previousCounter":0,"rootKey":"jhpuTDREB0QpehJqOJ2CBop8FmoouGSCXL31U5dJ6Tg="},"indexInfo":{"baseKey":"BYG3KVSY+kqiTQHc051J7H3Sei2N31pJl68TufaN7iME","baseKeyType":1,"closed":-1,"used":1674492936331,"created":1674492936331,"remoteIdentityKey":"BbnXRGthfmCcQRnoHV99uoSKLekXv34irlqnpWkC/xpc"},"_chains":{"BRqnic/B4PYjGvnqMCmoThmX3+5gwtnitpbnT1SWJulW":{"chainKey":{"counter":0,"key":"EZqGCDY3NO6BEVyMIpgZWIMkWmYH/gb1o4LHMEvDmnE="},"chainType":1,"messageKeys":{}}},"pendingPreKey":{"signedKeyId":5,"baseKey":"BYG3KVSY+kqiTQHc051J7H3Sei2N31pJl68TufaN7iME","preKeyId":985620}}},"version":"v1"}