{"_sessions":{"Bbk/2DKipLr0HeIAY0zaaEReH7LXNCj9mF8JxpdEKnoa":{"registrationId":719075888,"currentRatchet":{"ephemeralKeyPair":{"pubKey":"BdIw6r9IC7BJkRVS/vvF3O/KPC6ZdVUXiDL4nbbv9x4b","privKey":"4M4whLPmQIuV3DI8x3idWuxzjfe1X8itRC6y2lbuMk0="},"lastRemoteEphemeralKey":"BWdIzMvkunvXnKJKEIr/neRFM+MVOcfm7WTlHRHmAMlo","previousCounter":0,"rootKey":"g0ZewxmG+3z/zXPHaaUmcFksxHWYH1WQ9SGm64WYKMo="},"indexInfo":{"baseKey":"Bbk/2DKipLr0HeIAY0zaaEReH7LXNCj9mF8JxpdEKnoa","baseKeyType":1,"closed":-1,"used":1674492935947,"created":1674492935947,"remoteIdentityKey":"BTL3g5BzgUOw+UBPmLU34CTJCswKJv4lShF2a2OqNbpC"},"_chains":{"BdIw6r9IC7BJkRVS/vvF3O/KPC6ZdVUXiDL4nbbv9x4b":{"chainKey":{"counter":0,"key":"hGKTuIPw6CRitocrsSQgQs0GNrIKcWAwDAsHEv8sRpE="},"chainType":1,"messageKeys":{}}},"pendingPreKey":{"signedKeyId":7,"baseKey":"Bbk/2DKipLr0HeIAY0zaaEReH7LXNCj9mF8JxpdEKnoa","preKeyId":15708346}}},"version":"v1"}