{"_sessions":{"BYXVMhzA1wZq24yjzhmpPrxvoeUYZq8PFUstUcRaasED":{"registrationId":252862275,"currentRatchet":{"ephemeralKeyPair":{"pubKey":"BWCoVo/U7kCF/8esKyL7TmKokpM2kVgOaDaaPHf8doRr","privKey":"8JLgY17FQNopC4ADxv2yJ1CSkooCXc7kpE4VhUZjnHI="},"lastRemoteEphemeralKey":"BTeJCcAMvJ/5xgJ6nCseNkZ1dxGUsl6LRHLpilucy9QM","previousCounter":0,"rootKey":"80ojHWWLu8R5ydAWGQ1YwnOU5KjVURibVjILAjAnrxY="},"indexInfo":{"baseKey":"BYXVMhzA1wZq24yjzhmpPrxvoeUYZq8PFUstUcRaasED","baseKeyType":1,"closed":-1,"used":1674492936297,"created":1674492936297,"remoteIdentityKey":"BSdTOTT+pIOqt6CraWBxpF0XLFxu0SrDax2wHIECPjh4"},"_chains":{"BWCoVo/U7kCF/8esKyL7TmKokpM2kVgOaDaaPHf8doRr":{"chainKey":{"counter":0,"key":"dfC60K32Xyua4xopF/YwBhPy1Rde8XV0lTvR3iR+7T0="},"chainType":1,"messageKeys":{}}},"pendingPreKey":{"signedKeyId":22,"baseKey":"BYXVMhzA1wZq24yjzhmpPrxvoeUYZq8PFUstUcRaasED","preKeyId":13399492}}},"version":"v1"}