{"_sessions":{"BZfNG8wTC5F1psZukDith49u0BCnQ6HZRI8uF/E5Bqoh":{"registrationId":1998006011,"currentRatchet":{"ephemeralKeyPair":{"pubKey":"BV8PrO9t7iaoSXFMYVPH/T38EJoiPpL0nDNJWXgWpsBy","privKey":"4DXGiE39wDLV0LglHiXCaAuBtl0rLKSP8ELjKJDtlns="},"lastRemoteEphemeralKey":"BWY28XThGq63bjMgmSlic6MYUntPSVbx3uJlB2LzUftq","previousCounter":0,"rootKey":"OGde0GwFv3p1fZVGDhxMHSmtE12n9ZKn0E5Mol25NgY="},"indexInfo":{"baseKey":"BZfNG8wTC5F1psZukDith49u0BCnQ6HZRI8uF/E5Bqoh","baseKeyType":1,"closed":-1,"used":1674492936260,"created":1674492936260,"remoteIdentityKey":"BcSfgEqfNo5ziPU3EhWwXhZh5sO9jn/TJWT5sjnQJrpx"},"_chains":{"BV8PrO9t7iaoSXFMYVPH/T38EJoiPpL0nDNJWXgWpsBy":{"chainKey":{"counter":0,"key":"BBQx860C3MS8InkQ/FxtEAOizCxvccJbmkrxmSPQL3g="},"chainType":1,"messageKeys":{}}},"pendingPreKey":{"signedKeyId":10,"baseKey":"BZfNG8wTC5F1psZukDith49u0BCnQ6HZRI8uF/E5Bqoh","preKeyId":14025487}}},"version":"v1"}