{"_sessions":{"BZvj3YLjkRYrAFqgTOLcNSyYER0i2iCmmw/xg887xpYA":{"registrationId":1555693281,"currentRatchet":{"ephemeralKeyPair":{"pubKey":"BXA83hKj7AGIMpJ2Ba5i++ubiJ8OnSQVYd4CAl4GwuNo","privKey":"EDLKbtytmzTg1agbc7PmGrAxNuo5yAJ56W1GHhUNdFI="},"lastRemoteEphemeralKey":"BbtTfTRv5HV0tE80MKJcz4dNAhxhQM1UwCxOYaHuLThG","previousCounter":0,"rootKey":"FuNk+yU7sVSknB79X3pwA2khxn/Gs4tG1W8DakiYQJs="},"indexInfo":{"baseKey":"BZvj3YLjkRYrAFqgTOLcNSyYER0i2iCmmw/xg887xpYA","baseKeyType":1,"closed":-1,"used":1674492936240,"created":1674492936240,"remoteIdentityKey":"BY7uqmdfd8ESZmn2h1OKDtyxtqT7t1njby4L7jEUeC9T"},"_chains":{"BXA83hKj7AGIMpJ2Ba5i++ubiJ8OnSQVYd4CAl4GwuNo":{"chainKey":{"counter":0,"key":"N7MVZOgZqVPr5OFBAsAX1caRGbcaR8RzQ58jexaxBKg="},"chainType":1,"messageKeys":{}}},"pendingPreKey":{"signedKeyId":6,"baseKey":"BZvj3YLjkRYrAFqgTOLcNSyYER0i2iCmmw/xg887xpYA","preKeyId":6716985}}},"version":"v1"}