{"_sessions":{"BUNAM+vB89VeG35sJ7bCPJgDZENjRez3R5fd0SAH3CEo":{"registrationId":1606814671,"currentRatchet":{"ephemeralKeyPair":{"pubKey":"BcQEUv7zzp6u+eWxf4rQv9j072Bl3aptkPtan466s2hA","privKey":"kEP2/1gPvJTfctLHlNdtbmbyjER8lIBa3RBPsPdWb1Y="},"lastRemoteEphemeralKey":"BU0RJrdV8C2/uxzEjKppiQGrYFW5I+pTF1LxffqzVyIQ","previousCounter":0,"rootKey":"g1H38Yom6AayEMIDPQoWY/c5yFc2jExZgeo8SQ7wmaI="},"indexInfo":{"baseKey":"BUNAM+vB89VeG35sJ7bCPJgDZENjRez3R5fd0SAH3CEo","baseKeyType":1,"closed":-1,"used":1674492935965,"created":1674492935965,"remoteIdentityKey":"Bf0CuZylUrtcG9Sp0MHtut84nhPplpVC82ExM80TlH0G"},"_chains":{"BcQEUv7zzp6u+eWxf4rQv9j072Bl3aptkPtan466s2hA":{"chainKey":{"counter":0,"key":"N7XGwt3ppoOKWakvNBrBISSUKurBJ3Eye5PMui2O7Tg="},"chainType":1,"messageKeys":{}}},"pendingPreKey":{"signedKeyId":0,"baseKey":"BUNAM+vB89VeG35sJ7bCPJgDZENjRez3R5fd0SAH3CEo","preKeyId":9684996}}},"version":"v1"}