{"_sessions":{"BZHoag07X80kOK6G5OtDpqfyG8HPHvrpiBvHH+qQI0gv":{"registrationId":811530034,"currentRatchet":{"ephemeralKeyPair":{"pubKey":"BRrq9MhR3G3cNFIgV9lw+bvZ/OZByMCjd2r3CF5F9Ngk","privKey":"eENiQFyktgjP94/X7/iGlCj+KSH4HWx6daTL0jumtFg="},"lastRemoteEphemeralKey":"BTYiH3/qy/P7w50crouLV7znIaKL5yBRDQCM+7pPENx2","previousCounter":0,"rootKey":"2ZkNmfPe5McieEsOLl8y8X9mXhiYohJrW9eckdjcVvM="},"indexInfo":{"baseKey":"BZHoag07X80kOK6G5OtDpqfyG8HPHvrpiBvHH+qQI0gv","baseKeyType":1,"closed":-1,"used":1674492936153,"created":1674492936153,"remoteIdentityKey":"BZs4lBhbvsWMW/h1slSdfEV79j2OXTHBNMc1TY+5eNYg"},"_chains":{"BRrq9MhR3G3cNFIgV9lw+bvZ/OZByMCjd2r3CF5F9Ngk":{"chainKey":{"counter":0,"key":"hKRzbH49Z8Y1XHIndQgE/gOwpU/a+BmB3gxq8TysbHg="},"chainType":1,"messageKeys":{}}},"pendingPreKey":{"signedKeyId":4,"baseKey":"BZHoag07X80kOK6G5OtDpqfyG8HPHvrpiBvHH+qQI0gv","preKeyId":14961737}}},"version":"v1"}