{"_sessions":{"BdWsZxn3i3C5XVPnAlvMapGA6k5P7CrXL11dVhhX8kV7":{"registrationId":1522519955,"currentRatchet":{"ephemeralKeyPair":{"pubKey":"Be/8vKA5NyV3i4/tmZ5B5rgxn91qTuUlo2JtuMkLp1dd","privKey":"CLa/Szbbcp8iTlhT4WKZ40AOodDAG773dds2I/Pnz1U="},"lastRemoteEphemeralKey":"BQuyqVK4cX2fa3BsqJV6m4vHA+y+2QoPb5aoINIM54Fy","previousCounter":0,"rootKey":"AEHKFkoNLT1eT0gY+5k2S5P6biUtmAd35qnv3PwFQH4="},"indexInfo":{"baseKey":"BdWsZxn3i3C5XVPnAlvMapGA6k5P7CrXL11dVhhX8kV7","baseKeyType":1,"closed":-1,"used":1674492936008,"created":1674492936008,"remoteIdentityKey":"BYW8XbvghTHSdbFv/RwSqWx8uwCZS/Dqy9DO7OUNjoca"},"_chains":{"Be/8vKA5NyV3i4/tmZ5B5rgxn91qTuUlo2JtuMkLp1dd":{"chainKey":{"counter":0,"key":"5tLRSbfnwcZn4tKI+uElIdMRZy8HYI1v2fumjVA3GN8="},"chainType":1,"messageKeys":{}}},"pendingPreKey":{"signedKeyId":0,"baseKey":"BdWsZxn3i3C5XVPnAlvMapGA6k5P7CrXL11dVhhX8kV7","preKeyId":8730676}}},"version":"v1"}