{"_sessions":{"BfTNo+xlKsC8Io7vDOBwCU11SERcDAcmL112ZORI3n5b":{"registrationId":974542421,"currentRatchet":{"ephemeralKeyPair":{"pubKey":"BbHVVKQXSy4I7cc1uuM+IMgkSeIBzxYxq3PiYYGFx4cy","privKey":"EKZKoXrOuDhGIE5tOyf2CJT/hIypbF0Pjze0TgMhXWc="},"lastRemoteEphemeralKey":"BShp2Wzkz906yFiX+4inVaSlWAQVlwnnxfJzXgzsKPwY","previousCounter":0,"rootKey":"ExDo47mx893Rk7unmdJPI3i5G5RhH7vik17fBY0SzdY="},"indexInfo":{"baseKey":"BfTNo+xlKsC8Io7vDOBwCU11SERcDAcmL112ZORI3n5b","baseKeyType":1,"closed":-1,"used":1674492936055,"created":1674492936055,"remoteIdentityKey":"BXIrmmmRzYdIeuwVPWDKP3vMfViLCGyMW0UfoMqfXcwg"},"_chains":{"BbHVVKQXSy4I7cc1uuM+IMgkSeIBzxYxq3PiYYGFx4cy":{"chainKey":{"counter":0,"key":"Ubyg8Kp3Ba9qsNFOLif1mcpe3dRmvs0MW9UCaHRS0Lo="},"chainType":1,"messageKeys":{}}},"pendingPreKey":{"signedKeyId":22,"baseKey":"BfTNo+xlKsC8Io7vDOBwCU11SERcDAcmL112ZORI3n5b","preKeyId":9951277}}},"version":"v1"}