{"_sessions":{"BRQjOOhF4PWlcxWJpUPFT0GoRaxdBk88PlyulHQhX90C":{"registrationId":16018,"currentRatchet":{"ephemeralKeyPair":{"pubKey":"Bes0J8Ts30ziI8+FFcsu04YLz29nzZOOg4FZpNA+nbBq","privKey":"2AaYn77gtWiY0D8hNkdUAU8MqKeyalEyo/AB+ZxNbFM="},"lastRemoteEphemeralKey":"BfTZCh0kOsiLR1646tgEa6sBZLoAOvORFEPu1oiDsUw7","previousCounter":0,"rootKey":"PLe1Bwf0Q0xgDgn5k/hf5Enco40rS8UTf9v4ekvJVnM="},"indexInfo":{"baseKey":"BRQjOOhF4PWlcxWJpUPFT0GoRaxdBk88PlyulHQhX90C","baseKeyType":1,"closed":-1,"used":1674492935774,"created":1674492935774,"remoteIdentityKey":"BawEPRzyv7fHSU4/sWrZ/jEqExxgNLhyEEkXuicWgtd0"},"_chains":{"Bes0J8Ts30ziI8+FFcsu04YLz29nzZOOg4FZpNA+nbBq":{"chainKey":{"counter":0,"key":"Ppte6Nv3QXKMmEbBRhE9iugN4Ko0KPBIGQWOw1zR/cM="},"chainType":1,"messageKeys":{}}},"pendingPreKey":{"signedKeyId":2,"baseKey":"BRQjOOhF4PWlcxWJpUPFT0GoRaxdBk88PlyulHQhX90C","preKeyId":1762}}},"version":"v1"}