{"_sessions":{"BfFuj9JYNHslskven6tbu6u4OdQtgFItTnhQ/GGC+qlk":{"registrationId":752004662,"currentRatchet":{"ephemeralKeyPair":{"pubKey":"BWVqtM0zDkc7BTftGaaLh3NRAYMovcxcv6Ls2y12GEBN","privKey":"yBTFLFlG4PoKuZ5VMEi+2NGTsR++ggUsPFHiivE0I0Y="},"lastRemoteEphemeralKey":"BboVO6yKAE86k38PVbOF6RQu7Z9PirhC20Wbd8OAB9c/","previousCounter":0,"rootKey":"X5uJFoLnU33ITujz2DLLRym/gLch7XDLVIIoJGAp2d8="},"indexInfo":{"baseKey":"BfFuj9JYNHslskven6tbu6u4OdQtgFItTnhQ/GGC+qlk","baseKeyType":2,"closed":1674496379810,"used":1674493277602,"created":1674492852607,"remoteIdentityKey":"BQD6QJZXkpQ4ghREPA9C2vNZk9vT+s9AwJG2gy7CPe4w"},"_chains":{"BRhp4V2BhjiCCHovAArb+JRiXyzgCmvTSevFHp/DG4A/":{"chainKey":{"counter":3},"chainType":2,"messageKeys":{}},"BaUB6pzzK4pXgER95vKbDYUWRELJBdZCTJvT2PJkjd0q":{"chainKey":{"counter":0},"chainType":2,"messageKeys":{}},"BTz4shfSrPaSjGkFi5Ca+oPq/FFl7znLFJz/pwo4G4pa":{"chainKey":{"counter":0},"chainType":2,"messageKeys":{}},"BboVO6yKAE86k38PVbOF6RQu7Z9PirhC20Wbd8OAB9c/":{"chainKey":{"counter":0,"key":"xrfWbZ6D4ctEbBfkTWfUEqZjnKH4PG5O9VHIKb38Yiw="},"chainType":2,"messageKeys":{}},"BWVqtM0zDkc7BTftGaaLh3NRAYMovcxcv6Ls2y12GEBN":{"chainKey":{"counter":-1,"key":"STtKWF+f8OIIDX4nkc5KcJbnC3o/b/XIj60ZX0QYV0Q="},"chainType":1,"messageKeys":{}}}},"BX35WN3/AQVgveJx6+ZJ7RIQIyMV92jMP6qjpy/uW2xk":{"registrationId":752004662,"currentRatchet":{"ephemeralKeyPair":{"pubKey":"BfHRhfI654F6P1VwkeP5Z/GBcW2a9QT1FzHG72Ixbi1g","privKey":"AL7yPlaf1XI/4rvs+1CnHUFjYv1vpL0ElwEoI/VIQkA="},"lastRemoteEphemeralKey":"BdqY48udXKS9xOoBOMLf/PXbiLi17Chd6/yJMss0eQpD","previousCounter":0,"rootKey":"HFrsdPOmfJQ17I1l3HGh/MI3XIBLnqGNSqe2ojjtZfI="},"indexInfo":{"baseKey":"BX35WN3/AQVgveJx6+ZJ7RIQIyMV92jMP6qjpy/uW2xk","baseKeyType":2,"closed":1674496403504,"used":1674496379867,"created":1674496379867,"remoteIdentityKey":"BQD6QJZXkpQ4ghREPA9C2vNZk9vT+s9AwJG2gy7CPe4w"},"_chains":{"BdqY48udXKS9xOoBOMLf/PXbiLi17Chd6/yJMss0eQpD":{"chainKey":{"counter":0,"key":"WGawbM+jMt6ITyDa7eoZEjxiDOtZTc0cuor+IXmmE2g="},"chainType":2,"messageKeys":{}},"BfHRhfI654F6P1VwkeP5Z/GBcW2a9QT1FzHG72Ixbi1g":{"chainKey":{"counter":-1,"key":"X/YDu9J3GUTOfhSksFPolFlQp46Pq+PststzJavwH5U="},"chainType":1,"messageKeys":{}}}},"BZkKnldmXrHTmHzF+BIjJobuhNUY77FIpcHUSf3szIsl":{"registrationId":752004662,"currentRatchet":{"ephemeralKeyPair":{"pubKey":"BeEXIzCLQjmCg653GRmdeivOqRe3fMT4tNqC6Ua43pB3","privKey":"aI45SfFFla8vDkMSUT9QMMBHbb8rQDUn6pic467HAEc="},"lastRemoteEphemeralKey":"BcvcW2XjFi8y8Z8IvggZlfBK3mlUhsZaU5YwsFAjKnBC","previousCounter":0,"rootKey":"KDvoJ+GZgzToGSyaiN8X7Mswa1f5y6Il9VkvzmvZYnw="},"indexInfo":{"baseKey":"BZkKnldmXrHTmHzF+BIjJobuhNUY77FIpcHUSf3szIsl","baseKeyType":2,"closed":-1,"used":1674497846132,"created":1674496403519,"remoteIdentityKey":"BQD6QJZXkpQ4ghREPA9C2vNZk9vT+s9AwJG2gy7CPe4w"},"_chains":{"BThzYMe90eNPNhZM/1PuYPGCbB7jxXcGmPgVtuqnb8U8":{"chainKey":{"counter":4},"chainType":2,"messageKeys":{}},"BVNcFGvYhrg74aSdxB4saDHqMqQizC6v1ZD9WgTAchhM":{"chainKey":{"counter":2},"chainType":2,"messageKeys":{}},"BcvcW2XjFi8y8Z8IvggZlfBK3mlUhsZaU5YwsFAjKnBC":{"chainKey":{"counter":0,"key":"c7UKurjvBKtvQvuBM/Gu+Y+MlQW9MYvMHZTPBEFkTRs="},"chainType":2,"messageKeys":{}},"BeEXIzCLQjmCg653GRmdeivOqRe3fMT4tNqC6Ua43pB3":{"chainKey":{"counter":0,"key":"SSPBbHi6IrJrb/WG0tZ91Mu1prkVLmF0bxGGb1Wc6tk="},"chainType":1,"messageKeys":{}}}}},"version":"v1"}