{"_sessions":{"Bdimj6pEs4+UqGBDFS/ToRVFU76zyRwNUz9tpAGs4dcw":{"registrationId":1717920237,"currentRatchet":{"ephemeralKeyPair":{"pubKey":"BYMW7Ag2xk0HDAMg2KGN2hwvz8C2lQZ+YM1he/2bkpAs","privKey":"wEnlYCf+m2z4w01wi5IFx3Mn+5zBFSuStURpmzBib08="},"lastRemoteEphemeralKey":"BT8bG/ZN+DBafHDjXpK6MLRzBZ3g1K9N0vf38KTT6D1G","previousCounter":0,"rootKey":"/H8uAIloFCLjuBCUyEs/t4tPaqv8ho35MCSk/XWc1Bc="},"indexInfo":{"baseKey":"Bdimj6pEs4+UqGBDFS/ToRVFU76zyRwNUz9tpAGs4dcw","baseKeyType":1,"closed":-1,"used":1674492935839,"created":1674492935839,"remoteIdentityKey":"BWFUpGpiPbx1KvUusWXYTImH8Y/+7PIYBipq5zh/I1NA"},"_chains":{"BYMW7Ag2xk0HDAMg2KGN2hwvz8C2lQZ+YM1he/2bkpAs":{"chainKey":{"counter":0,"key":"UiRoqJtKb5HO3JYbZnx2kjru/kAQrbOzYnk/Rr9X358="},"chainType":1,"messageKeys":{}}},"pendingPreKey":{"signedKeyId":10,"baseKey":"Bdimj6pEs4+UqGBDFS/ToRVFU76zyRwNUz9tpAGs4dcw","preKeyId":8402771}}},"version":"v1"}