{"_sessions":{"BSxnQS//eD/OhjXnDSNkeeytOWNp40wbiirp7uSIAWsb":{"registrationId":1824787428,"currentRatchet":{"ephemeralKeyPair":{"pubKey":"BZECxZktveZlXCd/38Cc1pROngIz4AseRN2Fi/iJAKIO","privKey":"SAbpEOcHUmuHnIqSppMPyU13z0o5xV7WV+FnkJJT9Gk="},"lastRemoteEphemeralKey":"BS5jD8h3YHPov97eFUGezqb4J40bRkpQsjBtpypp4YMS","previousCounter":0,"rootKey":"YezAFozAfilN7gn3gJoQSnAHZ5ldo9eTqpFGsYqIJvU="},"indexInfo":{"baseKey":"BSxnQS//eD/OhjXnDSNkeeytOWNp40wbiirp7uSIAWsb","baseKeyType":2,"closed":-1,"used":1674493096093,"created":1674493096093,"remoteIdentityKey":"BckchBfcQXw0+sEGQU+1oIDja+6TAlJx4kohEP4bIg8G"},"_chains":{"BS5jD8h3YHPov97eFUGezqb4J40bRkpQsjBtpypp4YMS":{"chainKey":{"counter":0,"key":"Lgz9DXakB9CMekw+vyb6NNPUlx+u8ppPvxKCcxF9TuY="},"chainType":2,"messageKeys":{}},"BZECxZktveZlXCd/38Cc1pROngIz4AseRN2Fi/iJAKIO":{"chainKey":{"counter":-1,"key":"HC1hQIHRxkCTQ7mBuutXHCHMjM4FuFAMIUt1MSQ12gE="},"chainType":1,"messageKeys":{}}}}},"version":"v1"}