{"_sessions":{"BYZcyXBxPg9uzjBZN2ETfUyujEQsIMIzaRJeAFolgvNM":{"registrationId":1743698179,"currentRatchet":{"ephemeralKeyPair":{"pubKey":"BTsJPFU3RbfgEuI1Xl0GO5+WUqRN4kKB2TILlLd8SYV7","privKey":"iIC4AAGmebgDA7z/OiJ7fidMKUqlHw+RHPd8BvU3JE0="},"lastRemoteEphemeralKey":"BSj1VNCEDWvrvLK/9ru/wsYuZy4Ees6/51Bl6j9eYaZK","previousCounter":0,"rootKey":"jnML8mkrg5gtph7508NaRb/mjYuPo0pgcHASr/jLRQU="},"indexInfo":{"baseKey":"BYZcyXBxPg9uzjBZN2ETfUyujEQsIMIzaRJeAFolgvNM","baseKeyType":1,"closed":-1,"used":1674492935822,"created":1674492935822,"remoteIdentityKey":"Bb23Kzyv14qYJE8ZlKOE/h+9jA5Qhua2blud/4Yw12l8"},"_chains":{"BTsJPFU3RbfgEuI1Xl0GO5+WUqRN4kKB2TILlLd8SYV7":{"chainKey":{"counter":0,"key":"zyBxYOTtevbnV9oPHREJORIzlFjQ7O9p37s+gfn4jYI="},"chainType":1,"messageKeys":{}}},"pendingPreKey":{"signedKeyId":2,"baseKey":"BYZcyXBxPg9uzjBZN2ETfUyujEQsIMIzaRJeAFolgvNM","preKeyId":6301793}}},"version":"v1"}