{"_sessions":{"BSHTqV1Mv6Pf8km9RAI5E4o3QT4DuQexU4/35m0+1wdQ":{"registrationId":2093872839,"currentRatchet":{"ephemeralKeyPair":{"pubKey":"BYlv8KGNQuGvLkFA31Kz+Sk7qw+xIcelzZPGf0WPlYEa","privKey":"CNsSqM7G2dSPXwOjda5mMI6HNhpXUkL6D5GtK6upDnA="},"lastRemoteEphemeralKey":"Bc5EhVs+XiSChT+R/C4O4FszyrDouSEW3+hW2NNsDggK","previousCounter":0,"rootKey":"WBC6Gm+X2guLa0cRwgQy+wgg41e+C4nFGCEzjGrKfOE="},"indexInfo":{"baseKey":"BSHTqV1Mv6Pf8km9RAI5E4o3QT4DuQexU4/35m0+1wdQ","baseKeyType":1,"closed":-1,"used":1674492936218,"created":1674492936218,"remoteIdentityKey":"BeQjxZu3tCVdcJq+09+t0jrHbtDSEHZKl1d1KixamVhJ"},"_chains":{"BYlv8KGNQuGvLkFA31Kz+Sk7qw+xIcelzZPGf0WPlYEa":{"chainKey":{"counter":0,"key":"mOTvW3lDHBVOeo7ilFuRb7aOmO2oCLHge7/dvJ5ZS44="},"chainType":1,"messageKeys":{}}},"pendingPreKey":{"signedKeyId":2,"baseKey":"BSHTqV1Mv6Pf8km9RAI5E4o3QT4DuQexU4/35m0+1wdQ","preKeyId":9005196}}},"version":"v1"}