{"_sessions":{"BXi4LtFr8dwB9CP2oDPZpd0lPlemKh6l+tnI/e3L8LFL":{"registrationId":76845294,"currentRatchet":{"ephemeralKeyPair":{"pubKey":"BR5kUgZhv4BVWMAg9QHdJOCvmmLMLdP4VFAXN8H1k/Mn","privKey":"MCLrqRc4LcKzJI+Jt7jApDHu1VJWKD+5ot3swtNcc1s="},"lastRemoteEphemeralKey":"BcMw6N9nsy+7r3jkzALkUlDf0t2gncJQXaRv1xZifLtv","previousCounter":0,"rootKey":"33FhCWwABf6OPH1nqudE9pqXZjf9lLX7H400Qm0UaY4="},"indexInfo":{"baseKey":"BXi4LtFr8dwB9CP2oDPZpd0lPlemKh6l+tnI/e3L8LFL","baseKeyType":1,"closed":-1,"used":1674492935873,"created":1674492935873,"remoteIdentityKey":"BeFLvCl5W9CBz71K608MiNMQ9rzXHJ0O+rSH7c7dXWZP"},"_chains":{"BR5kUgZhv4BVWMAg9QHdJOCvmmLMLdP4VFAXN8H1k/Mn":{"chainKey":{"counter":0,"key":"CgOjjGBxKhd3p+su8NxbvPoTNLS6vH5CL2Ccm9QCaSE="},"chainType":1,"messageKeys":{}}},"pendingPreKey":{"signedKeyId":5,"baseKey":"BXi4LtFr8dwB9CP2oDPZpd0lPlemKh6l+tnI/e3L8LFL","preKeyId":7704573}}},"version":"v1"}