{"_sessions":{"Bay5BUPBuK4M2qvubx6x5luF34Xta2MYXg1bAZY0XB4E":{"registrationId":13829,"currentRatchet":{"ephemeralKeyPair":{"pubKey":"BZxF5KflBcEPe7WFsaJpyJh8SVKVf91TMROJAmY44Qo0","privKey":"QDQ7cVxfKkpePgYmqU3o5CXeMqml/wM7DBPn0DxuvlI="},"lastRemoteEphemeralKey":"BZlus3sejiaNNPLtp0bX3Jd2tegOnPvcEZq5XdtAYA47","previousCounter":0,"rootKey":"7I2Kh2PwG5wW4IMg1CyL3peJzL7zjqdr4C63Mp/VxuU="},"indexInfo":{"baseKey":"Bay5BUPBuK4M2qvubx6x5luF34Xta2MYXg1bAZY0XB4E","baseKeyType":1,"closed":-1,"used":1674492935806,"created":1674492935806,"remoteIdentityKey":"Bdok3OwrEq3uwpyU6Ai7VNgdGMSnZLd3OqyyL4/V1cVA"},"_chains":{"BZxF5KflBcEPe7WFsaJpyJh8SVKVf91TMROJAmY44Qo0":{"chainKey":{"counter":0,"key":"/Vynag05SRrsoP9xDr8RMIK6XVHa3SNtfxdq00/rvpk="},"chainType":1,"messageKeys":{}}},"pendingPreKey":{"signedKeyId":1,"baseKey":"Bay5BUPBuK4M2qvubx6x5luF34Xta2MYXg1bAZY0XB4E","preKeyId":391}}},"version":"v1"}