{"_sessions":{"BV5JpYieOPJwsdZ1VM8LLmQVaHdKmTSQcXa/iLr18DoO":{"registrationId":1548589980,"currentRatchet":{"ephemeralKeyPair":{"pubKey":"Bb1SAZLCiloPLYJ2+j/mNTgDi8W11uxp71vIc4CjK2RD","privKey":"cIlyPN8bYKp6LGo0FwvFhT6rWECM6ENL6YuZ/rKUu2w="},"lastRemoteEphemeralKey":"BV7UJ7JjNhhxFzHyROfc2prW8PXOiV2dcEZVcC2X4Upu","previousCounter":0,"rootKey":"E6I2r/l/v3lGGItxRgvYnybE0dRiuPZyjpE4WmCKrdg="},"indexInfo":{"baseKey":"BV5JpYieOPJwsdZ1VM8LLmQVaHdKmTSQcXa/iLr18DoO","baseKeyType":1,"closed":-1,"used":1674492936417,"created":1674492936417,"remoteIdentityKey":"BTh4rMf8R4dtXXoGq7NY7608DZLmuK9rcv0+6cP8vZI3"},"_chains":{"Bb1SAZLCiloPLYJ2+j/mNTgDi8W11uxp71vIc4CjK2RD":{"chainKey":{"counter":0,"key":"8q1wL1+ERAPY+gsHMDdzetWYmDidV+6KJeeKVHDXJ6g="},"chainType":1,"messageKeys":{}}},"pendingPreKey":{"signedKeyId":5,"baseKey":"BV5JpYieOPJwsdZ1VM8LLmQVaHdKmTSQcXa/iLr18DoO","preKeyId":579032}}},"version":"v1"}