{"_sessions":{"BSaJxVMewj635kLm/K0I1IOaxhL1VJFN03XikENe8NUZ":{"registrationId":1119911486,"currentRatchet":{"ephemeralKeyPair":{"pubKey":"BWoKDHOntMERYbejObYsYzuYywbAPGqTQC8tbD7EPlpT","privKey":"oHuR1VU7iLYWncd1l+G9PKIZq5nImj6Csj0p1PxOYlE="},"lastRemoteEphemeralKey":"BXHRAUBunW2OtmyHikymBnyDk/mBpkFL8OfhW3IIY4lZ","previousCounter":0,"rootKey":"Pu762ppQHBpzHNuQh3kgWqelO7QVRQR8HxBMF1wuDIo="},"indexInfo":{"baseKey":"BSaJxVMewj635kLm/K0I1IOaxhL1VJFN03XikENe8NUZ","baseKeyType":1,"closed":-1,"used":1674492936075,"created":1674492936075,"remoteIdentityKey":"BVQL+yAhxq1SPP5ULzlwI35STjqyUrQApfFWXKaDVHVW"},"_chains":{"BWoKDHOntMERYbejObYsYzuYywbAPGqTQC8tbD7EPlpT":{"chainKey":{"counter":0,"key":"/68RDPvf0t8gWD3q7/MICwAD/4Pz6vYe+vEATLxAxqA="},"chainType":1,"messageKeys":{}}},"pendingPreKey":{"signedKeyId":9,"baseKey":"BSaJxVMewj635kLm/K0I1IOaxhL1VJFN03XikENe8NUZ","preKeyId":11347101}}},"version":"v1"}