{"_sessions":{"BdN4VW+/92Rn8Ko/alpYRVsN44+BA7vogJUePuSbkZtg":{"registrationId":845710406,"currentRatchet":{"ephemeralKeyPair":{"pubKey":"Bfe/IkHfSOQv+x7lw78dIof9M6aB8e/dYTxFITjfh0A5","privKey":"sNmTfpJ36vFjtWvdsRxXtq1s43/Vdjde19KQam+F+Ec="},"lastRemoteEphemeralKey":"BeiYzt4AGPJXh+IfJWP+a9Rtzv7zpcqNFCsJK7Zb6Fcw","previousCounter":0,"rootKey":"x2tB6W39V53RQS+kFzUyU2tHNt0TMzhfAe4Nu4dAkTY="},"indexInfo":{"baseKey":"BdN4VW+/92Rn8Ko/alpYRVsN44+BA7vogJUePuSbkZtg","baseKeyType":2,"closed":-1,"used":1674441377261,"created":1674441377261,"remoteIdentityKey":"BZb07wYAfLw7dcoW6Rkfp3xipGvLB/zVuYZPTqn7SBQ3"},"_chains":{"BeiYzt4AGPJXh+IfJWP+a9Rtzv7zpcqNFCsJK7Zb6Fcw":{"chainKey":{"counter":8,"key":"r+hpsBnZHbTfBAdDT7P0FiDbfJk6ZJXF6C1wUPbl2Hc="},"chainType":2,"messageKeys":{"2":"fIO9QdXcY2AMOvYfT+2PqvvIFS+x4Dl9kFF2OJ8qZuo=","3":"OhK+EqHA2jcVUFqMPEUwUgTjuqnyZuvnUf6mH6GTzts=","4":"j0QocFP6dufJ80JPyyWS1/PCrkEJ3cJXSPSwsPu2CDM=","5":"gTUcY5ZqDbZxe6upEk0PalbLxwV33VMQMT54TFMOMLU="}},"Bfe/IkHfSOQv+x7lw78dIof9M6aB8e/dYTxFITjfh0A5":{"chainKey":{"counter":-1,"key":"PlubJeYQSuwZvpA1y3Dt9tUtRenEAzaAtdoW2Wr3Llo="},"chainType":1,"messageKeys":{}}}}},"version":"v1"}