{"_sessions":{"BUW3wZuOgOz2WVPmhcZ7I8PaigSZtnVHP2lpIxEYcys1":{"registrationId":178110687,"currentRatchet":{"ephemeralKeyPair":{"pubKey":"Bd7a+a5Y9ND0xjaLpDFWjGpH4jRzDkwdB9ejqJk44KJo","privKey":"kAhh/eS0Hv2Nr19syyz7EXEPVUNgzmuNx1a/+QPzKlE="},"lastRemoteEphemeralKey":"Bfc5J/WoDNgap/0CsWVeKxHNSocGX8LBYWwSkYCEum5x","previousCounter":0,"rootKey":"RENOoC9ckqnfzaDtpBouKr2uWuptEF+N9O4Jvl21uKs="},"indexInfo":{"baseKey":"BUW3wZuOgOz2WVPmhcZ7I8PaigSZtnVHP2lpIxEYcys1","baseKeyType":2,"closed":-1,"used":1674441407710,"created":1674441407710,"remoteIdentityKey":"BS6sandQirTVJWItY6J7tf9EbKG7CkSNJekUPAMxrso2"},"_chains":{"Bfc5J/WoDNgap/0CsWVeKxHNSocGX8LBYWwSkYCEum5x":{"chainKey":{"counter":0,"key":"hrn3xrMuPaRIQgl3ovQCm7k7sAXPk1p9QqoKyyeUpR0="},"chainType":2,"messageKeys":{}},"Bd7a+a5Y9ND0xjaLpDFWjGpH4jRzDkwdB9ejqJk44KJo":{"chainKey":{"counter":-1,"key":"wI86E1/ZsxxC6ELnRzg17A6vnHMCo2z+0pkqERVb3NI="},"chainType":1,"messageKeys":{}}}}},"version":"v1"}