{"_sessions":{"BeRxmJLftYE1pZDvcq7PUVZUtg2kgEV02n48S9kJ2zhJ":{"registrationId":472952713,"currentRatchet":{"ephemeralKeyPair":{"pubKey":"BdOJXpzrYY9ttvhnwauVlPKeyOSb/E4OI1JZ90BjFMpJ","privKey":"8DjGm69i29cQwbHEyZBH7lIOK99LVS/DPpZCJTcb0W4="},"lastRemoteEphemeralKey":"BbX39tF48m6c8Nl1zQfrExbqenNnadkFi83BYayXEHZ8","previousCounter":0,"rootKey":"b/KzbYXIA820szKQ8vWOKCWgJm69U4MH3p5n6vSZf60="},"indexInfo":{"baseKey":"BeRxmJLftYE1pZDvcq7PUVZUtg2kgEV02n48S9kJ2zhJ","baseKeyType":1,"closed":-1,"used":1674492935928,"created":1674492935928,"remoteIdentityKey":"BYD4sOwoKz2eBZhliYuuuoxnvBMs+nE0fvxNjLDopL5G"},"_chains":{"BdOJXpzrYY9ttvhnwauVlPKeyOSb/E4OI1JZ90BjFMpJ":{"chainKey":{"counter":0,"key":"m4DFSCUA4Kire6/9njxAXyyQ0hov5M/ULWV4w3iwI0s="},"chainType":1,"messageKeys":{}}},"pendingPreKey":{"signedKeyId":22,"baseKey":"BeRxmJLftYE1pZDvcq7PUVZUtg2kgEV02n48S9kJ2zhJ","preKeyId":4478593}}},"version":"v1"}