{"_sessions":{"BWr2gseu5D6sFRFgG7EdqRtWxHJreQBykdO8tr06YHEQ":{"registrationId":2126838874,"currentRatchet":{"ephemeralKeyPair":{"pubKey":"BVplihsAqOgPUOJvU1NxI97IkdDnCRiTG1wdlxx7IfQv","privKey":"6PxpJ6bU7hWHVMOn0ttotaIEP1b+NnoSbLoBuoHb02Y="},"lastRemoteEphemeralKey":"Bfp/Fw6nZfFriIDhy7Jb3GD9HBr2ddblTNYQ8WpA5Csh","previousCounter":0,"rootKey":"47V6+ZlLP6am80UfTRJ0gupW2byz1NYdcUwZIlvEOZQ="},"indexInfo":{"baseKey":"BWr2gseu5D6sFRFgG7EdqRtWxHJreQBykdO8tr06YHEQ","baseKeyType":1,"closed":-1,"used":1674492936383,"created":1674492936383,"remoteIdentityKey":"BcecB9BO2fOgM03o17xGXJyNZ/nn5pEyKjVXSAs2asUz"},"_chains":{"BVplihsAqOgPUOJvU1NxI97IkdDnCRiTG1wdlxx7IfQv":{"chainKey":{"counter":0,"key":"4Ik4UVnB1sA3EJDwA2VqHgR8aD/XNdDyI0VSKwcmKFo="},"chainType":1,"messageKeys":{}}},"pendingPreKey":{"signedKeyId":7,"baseKey":"BWr2gseu5D6sFRFgG7EdqRtWxHJreQBykdO8tr06YHEQ","preKeyId":15282586}}},"version":"v1"}