{"_sessions":{"BS8V1kDEeS3w4C7OREnVNd5PSKiz9hy2T3hGYFdT1SBY":{"registrationId":1438770860,"currentRatchet":{"ephemeralKeyPair":{"pubKey":"BVcWFPIJtMJ+3BS++VUhDKPMRUqt+5WwkZaaBytBMKpg","privKey":"kDqf3wx5jJq2DiLT1xxyJErs9bqzq7Xgii31m1FZ82s="},"lastRemoteEphemeralKey":"BdW93EvX6zUSCQ5eEMtG59fzHOPIhmWvHoKLMKMVNjtf","previousCounter":0,"rootKey":"6win0qTWgSw2TcFVb3EQEigP+TAbp9b1kEUyuW1Yg04="},"indexInfo":{"baseKey":"BS8V1kDEeS3w4C7OREnVNd5PSKiz9hy2T3hGYFdT1SBY","baseKeyType":1,"closed":-1,"used":1674492936199,"created":1674492936199,"remoteIdentityKey":"BVbb6SWDmG5xolFO5LALUjSwkntlfeT0tAKjfrdZIXpQ"},"_chains":{"BVcWFPIJtMJ+3BS++VUhDKPMRUqt+5WwkZaaBytBMKpg":{"chainKey":{"counter":0,"key":"jehdzimKspuvVERIq4atuhYeyzVd+GXYcceG/X8iKsU="},"chainType":1,"messageKeys":{}}},"pendingPreKey":{"signedKeyId":15,"baseKey":"BS8V1kDEeS3w4C7OREnVNd5PSKiz9hy2T3hGYFdT1SBY","preKeyId":8290765}}},"version":"v1"}