{"_sessions":{"BRBgKwkbgo2l+kMwBbmX4BX75T0x+gxfWdIWvkgbYrVA":{"registrationId":673843937,"currentRatchet":{"ephemeralKeyPair":{"pubKey":"BQ7JkyHtD9Aj1ilW6oGCKP+kqh/ENYAdOrrmswCVlagX","privKey":"gDbaZ+nzdH0yTleIXpMMD3eC98aq7GPbOUGsRnoAcFY="},"lastRemoteEphemeralKey":"BZNJ/E42MS2x1ofh6ZcUAwpDb/vA4nhoehUfleDrVWtI","previousCounter":0,"rootKey":"j1HSFQQXo5Bn2lJHAbxt/dkPtzf+BvgMYFVx9yiCTKw="},"indexInfo":{"baseKey":"BRBgKwkbgo2l+kMwBbmX4BX75T0x+gxfWdIWvkgbYrVA","baseKeyType":1,"closed":-1,"used":1674492936277,"created":1674492936277,"remoteIdentityKey":"BbIrZlQmhP1FGTqT2Iu4WkGT8qa0kZ3bo2YrgztISi97"},"_chains":{"BQ7JkyHtD9Aj1ilW6oGCKP+kqh/ENYAdOrrmswCVlagX":{"chainKey":{"counter":0,"key":"607N3MnSVZyGoYUvspPdMxUiljH72f/83IvplzTn/f8="},"chainType":1,"messageKeys":{}}},"pendingPreKey":{"signedKeyId":48,"baseKey":"BRBgKwkbgo2l+kMwBbmX4BX75T0x+gxfWdIWvkgbYrVA","preKeyId":5690202}}},"version":"v1"}