{"_sessions":{"BXx8Fuqblmb+0Xri9SylaAEonsb6R5BpOEcneBwQdo0t":{"registrationId":542946466,"currentRatchet":{"ephemeralKeyPair":{"pubKey":"BcPZ8IBjHdTIbFc8G5gHt9WYAj5DLKpShlh/ci4WU+5b","privKey":"KJIbSYrfwk2Ig2Na1ZBbLmYAew+b5qo40FtHHXNnyEc="},"lastRemoteEphemeralKey":"BeRwkYW9Hje18HYTrSlfkZB13OSFxKS1zqY9MlO3qMlE","previousCounter":0,"rootKey":"cVa2NyUq8vT3p2ATWP4Z2F8mr9UdhE9CYT982oy5jM4="},"indexInfo":{"baseKey":"BXx8Fuqblmb+0Xri9SylaAEonsb6R5BpOEcneBwQdo0t","baseKeyType":2,"closed":-1,"used":1674441465064,"created":1674441465064,"remoteIdentityKey":"BToEbe9EwniIzPV+0oW2bq9gaZTJULhTZMC02gzKWzpN"},"_chains":{"BeRwkYW9Hje18HYTrSlfkZB13OSFxKS1zqY9MlO3qMlE":{"chainKey":{"counter":0,"key":"nYdLMOLK0NbEK+DCasi43wBCC3O6ajIFugpzzIcgNpY="},"chainType":2,"messageKeys":{}},"BcPZ8IBjHdTIbFc8G5gHt9WYAj5DLKpShlh/ci4WU+5b":{"chainKey":{"counter":-1,"key":"ycszjE12YrWb/Ia7FT6bSPYj/vfwKUmJcfbB4hekXy0="},"chainType":1,"messageKeys":{}}}}},"version":"v1"}